{"Version":"5.17.18.1","List":[{"Description":"Ballot 1 - Type 1","Id":1,"ExternalId":""},{"Description":"Ballot 2 - Type 2","Id":2,"ExternalId":""},{"Description":"Ballot 3 - Type 3","Id":3,"ExternalId":""},{"Description":"Ballot 4 - Type 4","Id":4,"ExternalId":""},{"Description":"Ballot 5 - Type 5","Id":5,"ExternalId":""},{"Description":"Ballot 6 - Type 6","Id":6,"ExternalId":""},{"Description":"Ballot 7 - Type 7","Id":7,"ExternalId":""},{"Description":"Ballot 8 - Type 8","Id":8,"ExternalId":""},{"Description":"Ballot 9 - Type 9","Id":9,"ExternalId":""},{"Description":"Ballot 10 - Type 10","Id":10,"ExternalId":""},{"Description":"Ballot 11 - Type 11","Id":11,"ExternalId":""},{"Description":"Ballot 12 - Type 12","Id":12,"ExternalId":""},{"Description":"Ballot 13 - Type 13","Id":13,"ExternalId":""},{"Description":"Ballot 14 - Type 14","Id":14,"ExternalId":""},{"Description":"Ballot 15 - Type 15","Id":15,"ExternalId":""},{"Description":"Ballot 16 - Type 16","Id":16,"ExternalId":""},{"Description":"Ballot 17 - Type 17","Id":17,"ExternalId":""},{"Description":"Ballot 18 - Type 18","Id":18,"ExternalId":""},{"Description":"Ballot 19 - Type 19","Id":19,"ExternalId":""},{"Description":"Ballot 20 - Type 20","Id":20,"ExternalId":""},{"Description":"Ballot 21 - Type 21","Id":21,"ExternalId":""},{"Description":"Ballot 22 - Type 22","Id":22,"ExternalId":""},{"Description":"Ballot 23 - Type 23","Id":23,"ExternalId":""},{"Description":"Ballot 24 - Type 24","Id":24,"ExternalId":""},{"Description":"Ballot 25 - Type 25","Id":25,"ExternalId":""},{"Description":"Ballot 26 - Type 26","Id":26,"ExternalId":""},{"Description":"Ballot 27 - Type 27","Id":27,"ExternalId":""},{"Description":"Ballot 28 - Type 28","Id":28,"ExternalId":""},{"Description":"Ballot 29 - Type 29","Id":29,"ExternalId":""},{"Description":"Ballot 30 - Type 30","Id":30,"ExternalId":""},{"Description":"Ballot 31 - Type 31","Id":31,"ExternalId":""},{"Description":"Ballot 32 - Type 32","Id":32,"ExternalId":""},{"Description":"Ballot 33 - Type 33","Id":33,"ExternalId":""},{"Description":"Ballot 34 - Type 34","Id":34,"ExternalId":""},{"Description":"Ballot 35 - Type 35","Id":35,"ExternalId":""},{"Description":"Ballot 36 - Type 36","Id":36,"ExternalId":""},{"Description":"Ballot 37 - Type 37","Id":37,"ExternalId":""},{"Description":"Ballot 38 - Type 38","Id":38,"ExternalId":""},{"Description":"Ballot 39 - Type 39","Id":39,"ExternalId":""},{"Description":"Ballot 40 - Type 40","Id":40,"ExternalId":""},{"Description":"Ballot 41 - Type 41","Id":41,"ExternalId":""},{"Description":"Ballot 42 - Type 42","Id":42,"ExternalId":""},{"Description":"Ballot 43 - Type 43","Id":43,"ExternalId":""},{"Description":"Ballot 44 - Type 44","Id":44,"ExternalId":""},{"Description":"Ballot 45 - Type 45","Id":45,"ExternalId":""},{"Description":"Ballot 46 - Type 46","Id":46,"ExternalId":""}]}