{"Version":"5.17.18.1","List":[{"BallotTypeId":1,"ContestId":4},{"BallotTypeId":1,"ContestId":7},{"BallotTypeId":1,"ContestId":28},{"BallotTypeId":1,"ContestId":68},{"BallotTypeId":1,"ContestId":69},{"BallotTypeId":1,"ContestId":71},{"BallotTypeId":1,"ContestId":72},{"BallotTypeId":1,"ContestId":76},{"BallotTypeId":1,"ContestId":77},{"BallotTypeId":1,"ContestId":85},{"BallotTypeId":2,"ContestId":4},{"BallotTypeId":2,"ContestId":7},{"BallotTypeId":3,"ContestId":4},{"BallotTypeId":3,"ContestId":7},{"BallotTypeId":3,"ContestId":29},{"BallotTypeId":3,"ContestId":68},{"BallotTypeId":3,"ContestId":69},{"BallotTypeId":3,"ContestId":71},{"BallotTypeId":3,"ContestId":72},{"BallotTypeId":3,"ContestId":76},{"BallotTypeId":3,"ContestId":77},{"BallotTypeId":3,"ContestId":85},{"BallotTypeId":4,"ContestId":4},{"BallotTypeId":4,"ContestId":7},{"BallotTypeId":4,"ContestId":9},{"BallotTypeId":4,"ContestId":30},{"BallotTypeId":4,"ContestId":68},{"BallotTypeId":4,"ContestId":69},{"BallotTypeId":4,"ContestId":71},{"BallotTypeId":4,"ContestId":72},{"BallotTypeId":4,"ContestId":76},{"BallotTypeId":4,"ContestId":77},{"BallotTypeId":4,"ContestId":85},{"BallotTypeId":5,"ContestId":4},{"BallotTypeId":5,"ContestId":7},{"BallotTypeId":5,"ContestId":9},{"BallotTypeId":5,"ContestId":31},{"BallotTypeId":5,"ContestId":68},{"BallotTypeId":5,"ContestId":69},{"BallotTypeId":5,"ContestId":71},{"BallotTypeId":5,"ContestId":72},{"BallotTypeId":5,"ContestId":76},{"BallotTypeId":5,"ContestId":77},{"BallotTypeId":5,"ContestId":85},{"BallotTypeId":6,"ContestId":4},{"BallotTypeId":6,"ContestId":7},{"BallotTypeId":6,"ContestId":32},{"BallotTypeId":6,"ContestId":68},{"BallotTypeId":6,"ContestId":69},{"BallotTypeId":6,"ContestId":71},{"BallotTypeId":6,"ContestId":72},{"BallotTypeId":6,"ContestId":76},{"BallotTypeId":6,"ContestId":77},{"BallotTypeId":6,"ContestId":90},{"BallotTypeId":6,"ContestId":91},{"BallotTypeId":6,"ContestId":92},{"BallotTypeId":6,"ContestId":93},{"BallotTypeId":6,"ContestId":116},{"BallotTypeId":6,"ContestId":117},{"BallotTypeId":6,"ContestId":118},{"BallotTypeId":6,"ContestId":119},{"BallotTypeId":6,"ContestId":120},{"BallotTypeId":6,"ContestId":121},{"BallotTypeId":6,"ContestId":122},{"BallotTypeId":7,"ContestId":4},{"BallotTypeId":7,"ContestId":7},{"BallotTypeId":7,"ContestId":33},{"BallotTypeId":7,"ContestId":68},{"BallotTypeId":7,"ContestId":69},{"BallotTypeId":7,"ContestId":71},{"BallotTypeId":7,"ContestId":72},{"BallotTypeId":7,"ContestId":76},{"BallotTypeId":7,"ContestId":77},{"BallotTypeId":7,"ContestId":90},{"BallotTypeId":7,"ContestId":91},{"BallotTypeId":7,"ContestId":92},{"BallotTypeId":7,"ContestId":93},{"BallotTypeId":7,"ContestId":116},{"BallotTypeId":7,"ContestId":117},{"BallotTypeId":7,"ContestId":118},{"BallotTypeId":7,"ContestId":119},{"BallotTypeId":7,"ContestId":120},{"BallotTypeId":7,"ContestId":121},{"BallotTypeId":7,"ContestId":122},{"BallotTypeId":8,"ContestId":4},{"BallotTypeId":8,"ContestId":7},{"BallotTypeId":8,"ContestId":11},{"BallotTypeId":8,"ContestId":34},{"BallotTypeId":8,"ContestId":68},{"BallotTypeId":8,"ContestId":69},{"BallotTypeId":8,"ContestId":71},{"BallotTypeId":8,"ContestId":72},{"BallotTypeId":8,"ContestId":76},{"BallotTypeId":8,"ContestId":77},{"BallotTypeId":8,"ContestId":90},{"BallotTypeId":8,"ContestId":91},{"BallotTypeId":8,"ContestId":92},{"BallotTypeId":8,"ContestId":93},{"BallotTypeId":8,"ContestId":116},{"BallotTypeId":8,"ContestId":117},{"BallotTypeId":8,"ContestId":118},{"BallotTypeId":8,"ContestId":119},{"BallotTypeId":8,"ContestId":120},{"BallotTypeId":8,"ContestId":121},{"BallotTypeId":8,"ContestId":122},{"BallotTypeId":9,"ContestId":4},{"BallotTypeId":9,"ContestId":7},{"BallotTypeId":9,"ContestId":11},{"BallotTypeId":9,"ContestId":35},{"BallotTypeId":9,"ContestId":68},{"BallotTypeId":9,"ContestId":69},{"BallotTypeId":9,"ContestId":71},{"BallotTypeId":9,"ContestId":72},{"BallotTypeId":9,"ContestId":76},{"BallotTypeId":9,"ContestId":77},{"BallotTypeId":9,"ContestId":90},{"BallotTypeId":9,"ContestId":91},{"BallotTypeId":9,"ContestId":92},{"BallotTypeId":9,"ContestId":93},{"BallotTypeId":9,"ContestId":116},{"BallotTypeId":9,"ContestId":117},{"BallotTypeId":9,"ContestId":118},{"BallotTypeId":9,"ContestId":119},{"BallotTypeId":9,"ContestId":120},{"BallotTypeId":9,"ContestId":121},{"BallotTypeId":9,"ContestId":122},{"BallotTypeId":10,"ContestId":4},{"BallotTypeId":10,"ContestId":7},{"BallotTypeId":10,"ContestId":36},{"BallotTypeId":10,"ContestId":68},{"BallotTypeId":10,"ContestId":69},{"BallotTypeId":10,"ContestId":71},{"BallotTypeId":10,"ContestId":72},{"BallotTypeId":10,"ContestId":76},{"BallotTypeId":10,"ContestId":77},{"BallotTypeId":10,"ContestId":90},{"BallotTypeId":10,"ContestId":91},{"BallotTypeId":10,"ContestId":92},{"BallotTypeId":10,"ContestId":93},{"BallotTypeId":10,"ContestId":116},{"BallotTypeId":10,"ContestId":117},{"BallotTypeId":10,"ContestId":118},{"BallotTypeId":10,"ContestId":119},{"BallotTypeId":10,"ContestId":120},{"BallotTypeId":10,"ContestId":121},{"BallotTypeId":10,"ContestId":122},{"BallotTypeId":11,"ContestId":4},{"BallotTypeId":11,"ContestId":7},{"BallotTypeId":11,"ContestId":37},{"BallotTypeId":11,"ContestId":68},{"BallotTypeId":11,"ContestId":69},{"BallotTypeId":11,"ContestId":71},{"BallotTypeId":11,"ContestId":72},{"BallotTypeId":11,"ContestId":76},{"BallotTypeId":11,"ContestId":77},{"BallotTypeId":11,"ContestId":90},{"BallotTypeId":11,"ContestId":91},{"BallotTypeId":11,"ContestId":92},{"BallotTypeId":11,"ContestId":93},{"BallotTypeId":11,"ContestId":116},{"BallotTypeId":11,"ContestId":117},{"BallotTypeId":11,"ContestId":118},{"BallotTypeId":11,"ContestId":119},{"BallotTypeId":11,"ContestId":120},{"BallotTypeId":11,"ContestId":121},{"BallotTypeId":11,"ContestId":122},{"BallotTypeId":12,"ContestId":4},{"BallotTypeId":12,"ContestId":7},{"BallotTypeId":12,"ContestId":13},{"BallotTypeId":12,"ContestId":38},{"BallotTypeId":12,"ContestId":68},{"BallotTypeId":12,"ContestId":69},{"BallotTypeId":12,"ContestId":71},{"BallotTypeId":12,"ContestId":72},{"BallotTypeId":12,"ContestId":76},{"BallotTypeId":12,"ContestId":77},{"BallotTypeId":12,"ContestId":90},{"BallotTypeId":12,"ContestId":91},{"BallotTypeId":12,"ContestId":92},{"BallotTypeId":12,"ContestId":93},{"BallotTypeId":12,"ContestId":116},{"BallotTypeId":12,"ContestId":117},{"BallotTypeId":12,"ContestId":118},{"BallotTypeId":12,"ContestId":119},{"BallotTypeId":12,"ContestId":120},{"BallotTypeId":12,"ContestId":121},{"BallotTypeId":12,"ContestId":122},{"BallotTypeId":13,"ContestId":4},{"BallotTypeId":13,"ContestId":7},{"BallotTypeId":13,"ContestId":13},{"BallotTypeId":13,"ContestId":39},{"BallotTypeId":13,"ContestId":68},{"BallotTypeId":13,"ContestId":69},{"BallotTypeId":13,"ContestId":71},{"BallotTypeId":13,"ContestId":72},{"BallotTypeId":13,"ContestId":76},{"BallotTypeId":13,"ContestId":77},{"BallotTypeId":13,"ContestId":90},{"BallotTypeId":13,"ContestId":91},{"BallotTypeId":13,"ContestId":92},{"BallotTypeId":13,"ContestId":93},{"BallotTypeId":13,"ContestId":116},{"BallotTypeId":13,"ContestId":117},{"BallotTypeId":13,"ContestId":118},{"BallotTypeId":13,"ContestId":119},{"BallotTypeId":13,"ContestId":120},{"BallotTypeId":13,"ContestId":121},{"BallotTypeId":13,"ContestId":122},{"BallotTypeId":14,"ContestId":4},{"BallotTypeId":14,"ContestId":7},{"BallotTypeId":14,"ContestId":40},{"BallotTypeId":14,"ContestId":68},{"BallotTypeId":14,"ContestId":69},{"BallotTypeId":14,"ContestId":71},{"BallotTypeId":14,"ContestId":72},{"BallotTypeId":14,"ContestId":76},{"BallotTypeId":14,"ContestId":77},{"BallotTypeId":14,"ContestId":90},{"BallotTypeId":14,"ContestId":91},{"BallotTypeId":14,"ContestId":92},{"BallotTypeId":14,"ContestId":93},{"BallotTypeId":14,"ContestId":116},{"BallotTypeId":14,"ContestId":117},{"BallotTypeId":14,"ContestId":118},{"BallotTypeId":14,"ContestId":119},{"BallotTypeId":14,"ContestId":120},{"BallotTypeId":14,"ContestId":121},{"BallotTypeId":14,"ContestId":122},{"BallotTypeId":15,"ContestId":4},{"BallotTypeId":15,"ContestId":7},{"BallotTypeId":15,"ContestId":41},{"BallotTypeId":15,"ContestId":68},{"BallotTypeId":15,"ContestId":69},{"BallotTypeId":15,"ContestId":71},{"BallotTypeId":15,"ContestId":72},{"BallotTypeId":15,"ContestId":76},{"BallotTypeId":15,"ContestId":77},{"BallotTypeId":15,"ContestId":90},{"BallotTypeId":15,"ContestId":91},{"BallotTypeId":15,"ContestId":92},{"BallotTypeId":15,"ContestId":93},{"BallotTypeId":15,"ContestId":116},{"BallotTypeId":15,"ContestId":117},{"BallotTypeId":15,"ContestId":118},{"BallotTypeId":15,"ContestId":119},{"BallotTypeId":15,"ContestId":120},{"BallotTypeId":15,"ContestId":121},{"BallotTypeId":15,"ContestId":122},{"BallotTypeId":16,"ContestId":4},{"BallotTypeId":16,"ContestId":7},{"BallotTypeId":16,"ContestId":15},{"BallotTypeId":16,"ContestId":42},{"BallotTypeId":16,"ContestId":68},{"BallotTypeId":16,"ContestId":69},{"BallotTypeId":16,"ContestId":71},{"BallotTypeId":16,"ContestId":72},{"BallotTypeId":16,"ContestId":76},{"BallotTypeId":16,"ContestId":77},{"BallotTypeId":16,"ContestId":90},{"BallotTypeId":16,"ContestId":91},{"BallotTypeId":16,"ContestId":92},{"BallotTypeId":16,"ContestId":93},{"BallotTypeId":16,"ContestId":116},{"BallotTypeId":16,"ContestId":117},{"BallotTypeId":16,"ContestId":118},{"BallotTypeId":16,"ContestId":119},{"BallotTypeId":16,"ContestId":120},{"BallotTypeId":16,"ContestId":121},{"BallotTypeId":16,"ContestId":122},{"BallotTypeId":17,"ContestId":4},{"BallotTypeId":17,"ContestId":7},{"BallotTypeId":17,"ContestId":15},{"BallotTypeId":17,"ContestId":43},{"BallotTypeId":17,"ContestId":68},{"BallotTypeId":17,"ContestId":69},{"BallotTypeId":17,"ContestId":71},{"BallotTypeId":17,"ContestId":72},{"BallotTypeId":17,"ContestId":76},{"BallotTypeId":17,"ContestId":77},{"BallotTypeId":17,"ContestId":90},{"BallotTypeId":17,"ContestId":91},{"BallotTypeId":17,"ContestId":92},{"BallotTypeId":17,"ContestId":93},{"BallotTypeId":17,"ContestId":116},{"BallotTypeId":17,"ContestId":117},{"BallotTypeId":17,"ContestId":118},{"BallotTypeId":17,"ContestId":119},{"BallotTypeId":17,"ContestId":120},{"BallotTypeId":17,"ContestId":121},{"BallotTypeId":17,"ContestId":122},{"BallotTypeId":18,"ContestId":4},{"BallotTypeId":18,"ContestId":7},{"BallotTypeId":18,"ContestId":44},{"BallotTypeId":18,"ContestId":68},{"BallotTypeId":18,"ContestId":69},{"BallotTypeId":18,"ContestId":71},{"BallotTypeId":18,"ContestId":72},{"BallotTypeId":18,"ContestId":76},{"BallotTypeId":18,"ContestId":77},{"BallotTypeId":18,"ContestId":90},{"BallotTypeId":18,"ContestId":91},{"BallotTypeId":18,"ContestId":92},{"BallotTypeId":18,"ContestId":93},{"BallotTypeId":18,"ContestId":116},{"BallotTypeId":18,"ContestId":117},{"BallotTypeId":18,"ContestId":118},{"BallotTypeId":18,"ContestId":119},{"BallotTypeId":18,"ContestId":120},{"BallotTypeId":18,"ContestId":121},{"BallotTypeId":18,"ContestId":122},{"BallotTypeId":19,"ContestId":4},{"BallotTypeId":19,"ContestId":7},{"BallotTypeId":19,"ContestId":45},{"BallotTypeId":19,"ContestId":68},{"BallotTypeId":19,"ContestId":69},{"BallotTypeId":19,"ContestId":71},{"BallotTypeId":19,"ContestId":72},{"BallotTypeId":19,"ContestId":76},{"BallotTypeId":19,"ContestId":77},{"BallotTypeId":19,"ContestId":90},{"BallotTypeId":19,"ContestId":91},{"BallotTypeId":19,"ContestId":92},{"BallotTypeId":19,"ContestId":93},{"BallotTypeId":19,"ContestId":116},{"BallotTypeId":19,"ContestId":117},{"BallotTypeId":19,"ContestId":118},{"BallotTypeId":19,"ContestId":119},{"BallotTypeId":19,"ContestId":120},{"BallotTypeId":19,"ContestId":121},{"BallotTypeId":19,"ContestId":122},{"BallotTypeId":20,"ContestId":4},{"BallotTypeId":20,"ContestId":7},{"BallotTypeId":20,"ContestId":17},{"BallotTypeId":20,"ContestId":46},{"BallotTypeId":20,"ContestId":68},{"BallotTypeId":20,"ContestId":69},{"BallotTypeId":20,"ContestId":71},{"BallotTypeId":20,"ContestId":72},{"BallotTypeId":20,"ContestId":76},{"BallotTypeId":20,"ContestId":77},{"BallotTypeId":20,"ContestId":90},{"BallotTypeId":20,"ContestId":91},{"BallotTypeId":20,"ContestId":92},{"BallotTypeId":20,"ContestId":93},{"BallotTypeId":20,"ContestId":116},{"BallotTypeId":20,"ContestId":117},{"BallotTypeId":20,"ContestId":118},{"BallotTypeId":20,"ContestId":119},{"BallotTypeId":20,"ContestId":120},{"BallotTypeId":20,"ContestId":121},{"BallotTypeId":20,"ContestId":122},{"BallotTypeId":21,"ContestId":4},{"BallotTypeId":21,"ContestId":7},{"BallotTypeId":21,"ContestId":17},{"BallotTypeId":21,"ContestId":47},{"BallotTypeId":21,"ContestId":68},{"BallotTypeId":21,"ContestId":69},{"BallotTypeId":21,"ContestId":71},{"BallotTypeId":21,"ContestId":72},{"BallotTypeId":21,"ContestId":76},{"BallotTypeId":21,"ContestId":77},{"BallotTypeId":21,"ContestId":90},{"BallotTypeId":21,"ContestId":91},{"BallotTypeId":21,"ContestId":92},{"BallotTypeId":21,"ContestId":93},{"BallotTypeId":21,"ContestId":116},{"BallotTypeId":21,"ContestId":117},{"BallotTypeId":21,"ContestId":118},{"BallotTypeId":21,"ContestId":119},{"BallotTypeId":21,"ContestId":120},{"BallotTypeId":21,"ContestId":121},{"BallotTypeId":21,"ContestId":122},{"BallotTypeId":22,"ContestId":4},{"BallotTypeId":22,"ContestId":7},{"BallotTypeId":22,"ContestId":48},{"BallotTypeId":22,"ContestId":68},{"BallotTypeId":22,"ContestId":69},{"BallotTypeId":22,"ContestId":71},{"BallotTypeId":22,"ContestId":72},{"BallotTypeId":22,"ContestId":76},{"BallotTypeId":22,"ContestId":77},{"BallotTypeId":22,"ContestId":90},{"BallotTypeId":22,"ContestId":91},{"BallotTypeId":22,"ContestId":92},{"BallotTypeId":22,"ContestId":93},{"BallotTypeId":22,"ContestId":116},{"BallotTypeId":22,"ContestId":117},{"BallotTypeId":22,"ContestId":118},{"BallotTypeId":22,"ContestId":119},{"BallotTypeId":22,"ContestId":120},{"BallotTypeId":22,"ContestId":121},{"BallotTypeId":22,"ContestId":122},{"BallotTypeId":23,"ContestId":4},{"BallotTypeId":23,"ContestId":7},{"BallotTypeId":23,"ContestId":49},{"BallotTypeId":23,"ContestId":68},{"BallotTypeId":23,"ContestId":69},{"BallotTypeId":23,"ContestId":71},{"BallotTypeId":23,"ContestId":72},{"BallotTypeId":23,"ContestId":76},{"BallotTypeId":23,"ContestId":77},{"BallotTypeId":23,"ContestId":90},{"BallotTypeId":23,"ContestId":91},{"BallotTypeId":23,"ContestId":92},{"BallotTypeId":23,"ContestId":93},{"BallotTypeId":23,"ContestId":116},{"BallotTypeId":23,"ContestId":117},{"BallotTypeId":23,"ContestId":118},{"BallotTypeId":23,"ContestId":119},{"BallotTypeId":23,"ContestId":120},{"BallotTypeId":23,"ContestId":121},{"BallotTypeId":23,"ContestId":122},{"BallotTypeId":24,"ContestId":4},{"BallotTypeId":24,"ContestId":7},{"BallotTypeId":24,"ContestId":19},{"BallotTypeId":24,"ContestId":50},{"BallotTypeId":24,"ContestId":68},{"BallotTypeId":24,"ContestId":69},{"BallotTypeId":24,"ContestId":71},{"BallotTypeId":24,"ContestId":72},{"BallotTypeId":24,"ContestId":76},{"BallotTypeId":24,"ContestId":77},{"BallotTypeId":24,"ContestId":90},{"BallotTypeId":24,"ContestId":91},{"BallotTypeId":24,"ContestId":92},{"BallotTypeId":24,"ContestId":93},{"BallotTypeId":24,"ContestId":116},{"BallotTypeId":24,"ContestId":117},{"BallotTypeId":24,"ContestId":118},{"BallotTypeId":24,"ContestId":119},{"BallotTypeId":24,"ContestId":120},{"BallotTypeId":24,"ContestId":121},{"BallotTypeId":24,"ContestId":122},{"BallotTypeId":25,"ContestId":4},{"BallotTypeId":25,"ContestId":7},{"BallotTypeId":25,"ContestId":19},{"BallotTypeId":25,"ContestId":51},{"BallotTypeId":25,"ContestId":68},{"BallotTypeId":25,"ContestId":69},{"BallotTypeId":25,"ContestId":71},{"BallotTypeId":25,"ContestId":72},{"BallotTypeId":25,"ContestId":76},{"BallotTypeId":25,"ContestId":77},{"BallotTypeId":25,"ContestId":90},{"BallotTypeId":25,"ContestId":91},{"BallotTypeId":25,"ContestId":92},{"BallotTypeId":25,"ContestId":93},{"BallotTypeId":25,"ContestId":116},{"BallotTypeId":25,"ContestId":117},{"BallotTypeId":25,"ContestId":118},{"BallotTypeId":25,"ContestId":119},{"BallotTypeId":25,"ContestId":120},{"BallotTypeId":25,"ContestId":121},{"BallotTypeId":25,"ContestId":122},{"BallotTypeId":26,"ContestId":4},{"BallotTypeId":26,"ContestId":7},{"BallotTypeId":26,"ContestId":52},{"BallotTypeId":26,"ContestId":68},{"BallotTypeId":26,"ContestId":69},{"BallotTypeId":26,"ContestId":71},{"BallotTypeId":26,"ContestId":72},{"BallotTypeId":26,"ContestId":76},{"BallotTypeId":26,"ContestId":77},{"BallotTypeId":26,"ContestId":90},{"BallotTypeId":26,"ContestId":91},{"BallotTypeId":26,"ContestId":92},{"BallotTypeId":26,"ContestId":93},{"BallotTypeId":26,"ContestId":116},{"BallotTypeId":26,"ContestId":117},{"BallotTypeId":26,"ContestId":118},{"BallotTypeId":26,"ContestId":119},{"BallotTypeId":26,"ContestId":120},{"BallotTypeId":26,"ContestId":121},{"BallotTypeId":26,"ContestId":122},{"BallotTypeId":27,"ContestId":4},{"BallotTypeId":27,"ContestId":7},{"BallotTypeId":27,"ContestId":53},{"BallotTypeId":27,"ContestId":68},{"BallotTypeId":27,"ContestId":69},{"BallotTypeId":27,"ContestId":71},{"BallotTypeId":27,"ContestId":72},{"BallotTypeId":27,"ContestId":76},{"BallotTypeId":27,"ContestId":77},{"BallotTypeId":27,"ContestId":90},{"BallotTypeId":27,"ContestId":91},{"BallotTypeId":27,"ContestId":92},{"BallotTypeId":27,"ContestId":93},{"BallotTypeId":27,"ContestId":116},{"BallotTypeId":27,"ContestId":117},{"BallotTypeId":27,"ContestId":118},{"BallotTypeId":27,"ContestId":119},{"BallotTypeId":27,"ContestId":120},{"BallotTypeId":27,"ContestId":121},{"BallotTypeId":27,"ContestId":122},{"BallotTypeId":28,"ContestId":4},{"BallotTypeId":28,"ContestId":7},{"BallotTypeId":28,"ContestId":21},{"BallotTypeId":28,"ContestId":54},{"BallotTypeId":28,"ContestId":68},{"BallotTypeId":28,"ContestId":69},{"BallotTypeId":28,"ContestId":71},{"BallotTypeId":28,"ContestId":72},{"BallotTypeId":28,"ContestId":76},{"BallotTypeId":28,"ContestId":77},{"BallotTypeId":28,"ContestId":90},{"BallotTypeId":28,"ContestId":91},{"BallotTypeId":28,"ContestId":92},{"BallotTypeId":28,"ContestId":93},{"BallotTypeId":28,"ContestId":116},{"BallotTypeId":28,"ContestId":117},{"BallotTypeId":28,"ContestId":118},{"BallotTypeId":28,"ContestId":119},{"BallotTypeId":28,"ContestId":120},{"BallotTypeId":28,"ContestId":121},{"BallotTypeId":28,"ContestId":122},{"BallotTypeId":29,"ContestId":4},{"BallotTypeId":29,"ContestId":7},{"BallotTypeId":29,"ContestId":21},{"BallotTypeId":29,"ContestId":55},{"BallotTypeId":29,"ContestId":68},{"BallotTypeId":29,"ContestId":69},{"BallotTypeId":29,"ContestId":71},{"BallotTypeId":29,"ContestId":72},{"BallotTypeId":29,"ContestId":76},{"BallotTypeId":29,"ContestId":77},{"BallotTypeId":29,"ContestId":90},{"BallotTypeId":29,"ContestId":91},{"BallotTypeId":29,"ContestId":92},{"BallotTypeId":29,"ContestId":93},{"BallotTypeId":29,"ContestId":116},{"BallotTypeId":29,"ContestId":117},{"BallotTypeId":29,"ContestId":118},{"BallotTypeId":29,"ContestId":119},{"BallotTypeId":29,"ContestId":120},{"BallotTypeId":29,"ContestId":121},{"BallotTypeId":29,"ContestId":122},{"BallotTypeId":30,"ContestId":4},{"BallotTypeId":30,"ContestId":7},{"BallotTypeId":30,"ContestId":56},{"BallotTypeId":30,"ContestId":68},{"BallotTypeId":30,"ContestId":69},{"BallotTypeId":30,"ContestId":71},{"BallotTypeId":30,"ContestId":72},{"BallotTypeId":30,"ContestId":76},{"BallotTypeId":30,"ContestId":77},{"BallotTypeId":30,"ContestId":90},{"BallotTypeId":30,"ContestId":91},{"BallotTypeId":30,"ContestId":92},{"BallotTypeId":30,"ContestId":93},{"BallotTypeId":30,"ContestId":116},{"BallotTypeId":30,"ContestId":117},{"BallotTypeId":30,"ContestId":118},{"BallotTypeId":30,"ContestId":119},{"BallotTypeId":30,"ContestId":120},{"BallotTypeId":30,"ContestId":121},{"BallotTypeId":30,"ContestId":122},{"BallotTypeId":31,"ContestId":4},{"BallotTypeId":31,"ContestId":7},{"BallotTypeId":31,"ContestId":57},{"BallotTypeId":31,"ContestId":68},{"BallotTypeId":31,"ContestId":69},{"BallotTypeId":31,"ContestId":71},{"BallotTypeId":31,"ContestId":72},{"BallotTypeId":31,"ContestId":76},{"BallotTypeId":31,"ContestId":77},{"BallotTypeId":31,"ContestId":129},{"BallotTypeId":31,"ContestId":137},{"BallotTypeId":31,"ContestId":138},{"BallotTypeId":32,"ContestId":4},{"BallotTypeId":32,"ContestId":7},{"BallotTypeId":32,"ContestId":57},{"BallotTypeId":32,"ContestId":68},{"BallotTypeId":32,"ContestId":69},{"BallotTypeId":32,"ContestId":71},{"BallotTypeId":32,"ContestId":72},{"BallotTypeId":32,"ContestId":76},{"BallotTypeId":32,"ContestId":77},{"BallotTypeId":32,"ContestId":90},{"BallotTypeId":32,"ContestId":91},{"BallotTypeId":32,"ContestId":92},{"BallotTypeId":32,"ContestId":93},{"BallotTypeId":32,"ContestId":116},{"BallotTypeId":32,"ContestId":117},{"BallotTypeId":32,"ContestId":118},{"BallotTypeId":32,"ContestId":119},{"BallotTypeId":32,"ContestId":120},{"BallotTypeId":32,"ContestId":121},{"BallotTypeId":32,"ContestId":122},{"BallotTypeId":33,"ContestId":4},{"BallotTypeId":33,"ContestId":7},{"BallotTypeId":33,"ContestId":23},{"BallotTypeId":33,"ContestId":58},{"BallotTypeId":33,"ContestId":68},{"BallotTypeId":33,"ContestId":69},{"BallotTypeId":33,"ContestId":71},{"BallotTypeId":33,"ContestId":72},{"BallotTypeId":33,"ContestId":76},{"BallotTypeId":33,"ContestId":77},{"BallotTypeId":33,"ContestId":129},{"BallotTypeId":33,"ContestId":137},{"BallotTypeId":33,"ContestId":138},{"BallotTypeId":34,"ContestId":4},{"BallotTypeId":34,"ContestId":7},{"BallotTypeId":34,"ContestId":23},{"BallotTypeId":34,"ContestId":59},{"BallotTypeId":34,"ContestId":68},{"BallotTypeId":34,"ContestId":69},{"BallotTypeId":34,"ContestId":71},{"BallotTypeId":34,"ContestId":72},{"BallotTypeId":34,"ContestId":76},{"BallotTypeId":34,"ContestId":77},{"BallotTypeId":34,"ContestId":129},{"BallotTypeId":34,"ContestId":137},{"BallotTypeId":34,"ContestId":138},{"BallotTypeId":35,"ContestId":4},{"BallotTypeId":35,"ContestId":7},{"BallotTypeId":35,"ContestId":60},{"BallotTypeId":35,"ContestId":68},{"BallotTypeId":35,"ContestId":69},{"BallotTypeId":35,"ContestId":71},{"BallotTypeId":35,"ContestId":72},{"BallotTypeId":35,"ContestId":76},{"BallotTypeId":35,"ContestId":77},{"BallotTypeId":35,"ContestId":129},{"BallotTypeId":35,"ContestId":137},{"BallotTypeId":35,"ContestId":138},{"BallotTypeId":36,"ContestId":4},{"BallotTypeId":36,"ContestId":7},{"BallotTypeId":36,"ContestId":61},{"BallotTypeId":36,"ContestId":68},{"BallotTypeId":36,"ContestId":69},{"BallotTypeId":36,"ContestId":71},{"BallotTypeId":36,"ContestId":72},{"BallotTypeId":36,"ContestId":76},{"BallotTypeId":36,"ContestId":77},{"BallotTypeId":36,"ContestId":129},{"BallotTypeId":36,"ContestId":137},{"BallotTypeId":36,"ContestId":138},{"BallotTypeId":37,"ContestId":4},{"BallotTypeId":37,"ContestId":7},{"BallotTypeId":37,"ContestId":25},{"BallotTypeId":37,"ContestId":62},{"BallotTypeId":37,"ContestId":68},{"BallotTypeId":37,"ContestId":69},{"BallotTypeId":37,"ContestId":71},{"BallotTypeId":37,"ContestId":72},{"BallotTypeId":37,"ContestId":76},{"BallotTypeId":37,"ContestId":77},{"BallotTypeId":37,"ContestId":129},{"BallotTypeId":37,"ContestId":137},{"BallotTypeId":37,"ContestId":138},{"BallotTypeId":38,"ContestId":4},{"BallotTypeId":38,"ContestId":7},{"BallotTypeId":38,"ContestId":25},{"BallotTypeId":38,"ContestId":63},{"BallotTypeId":38,"ContestId":68},{"BallotTypeId":38,"ContestId":69},{"BallotTypeId":38,"ContestId":71},{"BallotTypeId":38,"ContestId":72},{"BallotTypeId":38,"ContestId":76},{"BallotTypeId":38,"ContestId":77},{"BallotTypeId":38,"ContestId":129},{"BallotTypeId":38,"ContestId":137},{"BallotTypeId":38,"ContestId":138},{"BallotTypeId":39,"ContestId":4},{"BallotTypeId":39,"ContestId":7},{"BallotTypeId":39,"ContestId":25},{"BallotTypeId":39,"ContestId":63},{"BallotTypeId":39,"ContestId":68},{"BallotTypeId":39,"ContestId":69},{"BallotTypeId":39,"ContestId":71},{"BallotTypeId":39,"ContestId":72},{"BallotTypeId":39,"ContestId":76},{"BallotTypeId":39,"ContestId":77},{"BallotTypeId":39,"ContestId":90},{"BallotTypeId":39,"ContestId":91},{"BallotTypeId":39,"ContestId":92},{"BallotTypeId":39,"ContestId":93},{"BallotTypeId":39,"ContestId":116},{"BallotTypeId":39,"ContestId":117},{"BallotTypeId":39,"ContestId":118},{"BallotTypeId":39,"ContestId":119},{"BallotTypeId":39,"ContestId":120},{"BallotTypeId":39,"ContestId":121},{"BallotTypeId":39,"ContestId":122},{"BallotTypeId":40,"ContestId":4},{"BallotTypeId":40,"ContestId":7},{"BallotTypeId":40,"ContestId":64},{"BallotTypeId":40,"ContestId":68},{"BallotTypeId":40,"ContestId":69},{"BallotTypeId":40,"ContestId":71},{"BallotTypeId":40,"ContestId":72},{"BallotTypeId":40,"ContestId":76},{"BallotTypeId":40,"ContestId":77},{"BallotTypeId":40,"ContestId":90},{"BallotTypeId":40,"ContestId":91},{"BallotTypeId":40,"ContestId":92},{"BallotTypeId":40,"ContestId":93},{"BallotTypeId":40,"ContestId":116},{"BallotTypeId":40,"ContestId":117},{"BallotTypeId":40,"ContestId":118},{"BallotTypeId":40,"ContestId":119},{"BallotTypeId":40,"ContestId":120},{"BallotTypeId":40,"ContestId":121},{"BallotTypeId":40,"ContestId":122},{"BallotTypeId":41,"ContestId":4},{"BallotTypeId":41,"ContestId":7},{"BallotTypeId":41,"ContestId":64},{"BallotTypeId":41,"ContestId":68},{"BallotTypeId":41,"ContestId":69},{"BallotTypeId":41,"ContestId":71},{"BallotTypeId":41,"ContestId":72},{"BallotTypeId":41,"ContestId":76},{"BallotTypeId":41,"ContestId":77},{"BallotTypeId":41,"ContestId":129},{"BallotTypeId":41,"ContestId":137},{"BallotTypeId":41,"ContestId":138},{"BallotTypeId":42,"ContestId":4},{"BallotTypeId":42,"ContestId":7},{"BallotTypeId":42,"ContestId":65},{"BallotTypeId":42,"ContestId":68},{"BallotTypeId":42,"ContestId":69},{"BallotTypeId":42,"ContestId":71},{"BallotTypeId":42,"ContestId":72},{"BallotTypeId":42,"ContestId":76},{"BallotTypeId":42,"ContestId":77},{"BallotTypeId":42,"ContestId":129},{"BallotTypeId":42,"ContestId":137},{"BallotTypeId":42,"ContestId":138},{"BallotTypeId":43,"ContestId":4},{"BallotTypeId":43,"ContestId":7},{"BallotTypeId":43,"ContestId":27},{"BallotTypeId":43,"ContestId":66},{"BallotTypeId":43,"ContestId":68},{"BallotTypeId":43,"ContestId":69},{"BallotTypeId":43,"ContestId":71},{"BallotTypeId":43,"ContestId":72},{"BallotTypeId":43,"ContestId":76},{"BallotTypeId":43,"ContestId":77},{"BallotTypeId":43,"ContestId":129},{"BallotTypeId":43,"ContestId":137},{"BallotTypeId":43,"ContestId":138},{"BallotTypeId":44,"ContestId":4},{"BallotTypeId":44,"ContestId":7},{"BallotTypeId":44,"ContestId":27},{"BallotTypeId":44,"ContestId":66},{"BallotTypeId":44,"ContestId":68},{"BallotTypeId":44,"ContestId":69},{"BallotTypeId":44,"ContestId":71},{"BallotTypeId":44,"ContestId":72},{"BallotTypeId":44,"ContestId":76},{"BallotTypeId":44,"ContestId":77},{"BallotTypeId":45,"ContestId":4},{"BallotTypeId":45,"ContestId":7},{"BallotTypeId":45,"ContestId":27},{"BallotTypeId":45,"ContestId":67},{"BallotTypeId":45,"ContestId":68},{"BallotTypeId":45,"ContestId":69},{"BallotTypeId":45,"ContestId":71},{"BallotTypeId":45,"ContestId":72},{"BallotTypeId":45,"ContestId":76},{"BallotTypeId":45,"ContestId":77},{"BallotTypeId":46,"ContestId":4},{"BallotTypeId":46,"ContestId":7}]}