{"Version":"5.17.18.1","List":[{"Description":"Harris/Walz","Id":542,"ExternalId":"","ContestId":4,"Type":"Regular","Disabled":0,"Affiliations":[7]},{"Description":"Kennedy/Shanahan","Id":554,"ExternalId":"","ContestId":4,"Type":"Regular","Disabled":0,"Affiliations":[18]},{"Description":"Oliver/Maat","Id":540,"ExternalId":"","ContestId":4,"Type":"Regular","Disabled":0,"Affiliations":[10]},{"Description":"Sonski/Onak","Id":547,"ExternalId":"","ContestId":4,"Type":"Regular","Disabled":0,"Affiliations":[19]},{"Description":"Stein/Ware","Id":545,"ExternalId":"","ContestId":4,"Type":"Regular","Disabled":0,"Affiliations":[18]},{"Description":"Terry/Broden","Id":546,"ExternalId":"","ContestId":4,"Type":"Regular","Disabled":0,"Affiliations":[5]},{"Description":"Trump/Vance","Id":543,"ExternalId":"","ContestId":4,"Type":"Regular","Disabled":0,"Affiliations":[15]},{"Description":"West/Abdullah","Id":541,"ExternalId":"","ContestId":4,"Type":"Regular","Disabled":0,"Affiliations":[6]},{"Description":"Begich, Nick","Id":517,"ExternalId":"","ContestId":7,"Type":"Regular","Disabled":0,"Affiliations":[15]},{"Description":"Hafner, Eric","Id":552,"ExternalId":"","ContestId":7,"Type":"Regular","Disabled":0,"Affiliations":[7]},{"Description":"Howe, John Wayne","Id":520,"ExternalId":"","ContestId":7,"Type":"Regular","Disabled":0,"Affiliations":[3]},{"Description":"Peltola, Mary S.","Id":518,"ExternalId":"","ContestId":7,"Type":"Regular","Disabled":0,"Affiliations":[7]},{"Description":"Write-in","Id":476,"ExternalId":"","ContestId":7,"Type":"WriteIn","Disabled":0,"Affiliations":[]},{"Description":"Kiehl, Jesse","Id":361,"ExternalId":"","ContestId":9,"Type":"Regular","Disabled":0,"Affiliations":[7]},{"Description":"Write-in","Id":483,"ExternalId":"","ContestId":9,"Type":"WriteIn","Disabled":0,"Affiliations":[]},{"Description":"Carpenter, Ben","Id":362,"ExternalId":"","ContestId":11,"Type":"Regular","Disabled":0,"Affiliations":[15]},{"Description":"Wegener, Tina","Id":364,"ExternalId":"","ContestId":11,"Type":"Regular","Disabled":0,"Affiliations":[7]},{"Description":"Bjorkman, Jesse J.","Id":365,"ExternalId":"","ContestId":11,"Type":"Regular","Disabled":0,"Affiliations":[15]},{"Description":"Write-in","Id":490,"ExternalId":"","ContestId":11,"Type":"WriteIn","Disabled":0,"Affiliations":[]},{"Description":"Kaufman, James D.","Id":366,"ExternalId":"","ContestId":13,"Type":"Regular","Disabled":0,"Affiliations":[15]},{"Description":"Park, Janice L.","Id":367,"ExternalId":"","ContestId":13,"Type":"Regular","Disabled":0,"Affiliations":[7]},{"Description":"Borbridge, Harold","Id":368,"ExternalId":"","ContestId":13,"Type":"Regular","Disabled":0,"Affiliations":[15]},{"Description":"Write-in","Id":497,"ExternalId":"","ContestId":13,"Type":"WriteIn","Disabled":0,"Affiliations":[]},{"Description":"Claman, Matt","Id":369,"ExternalId":"","ContestId":15,"Type":"Regular","Disabled":0,"Affiliations":[7]},{"Description":"Vazquez, Liz","Id":371,"ExternalId":"","ContestId":15,"Type":"Regular","Disabled":0,"Affiliations":[15]},{"Description":"Write-in","Id":503,"ExternalId":"","ContestId":15,"Type":"WriteIn","Disabled":0,"Affiliations":[]},{"Description":"Dunbar, Forrest","Id":372,"ExternalId":"","ContestId":17,"Type":"Regular","Disabled":0,"Affiliations":[7]},{"Description":"Smith, Cheronda L.","Id":373,"ExternalId":"","ContestId":17,"Type":"Regular","Disabled":0,"Affiliations":[2]},{"Description":"Write-in","Id":496,"ExternalId":"","ContestId":17,"Type":"WriteIn","Disabled":0,"Affiliations":[]},{"Description":"Goecker, Jared D.","Id":537,"ExternalId":"","ContestId":19,"Type":"Regular","Disabled":0,"Affiliations":[15]},{"Description":"Merrick, Kelly R.","Id":536,"ExternalId":"","ContestId":19,"Type":"Regular","Disabled":0,"Affiliations":[15]},{"Description":"Hammermeister, Lee E.","Id":551,"ExternalId":"","ContestId":19,"Type":"Regular","Disabled":0,"Affiliations":[7]},{"Description":"Write-in","Id":480,"ExternalId":"","ContestId":19,"Type":"WriteIn","Disabled":0,"Affiliations":[]},{"Description":"Wilson, David S.","Id":374,"ExternalId":"","ContestId":21,"Type":"Regular","Disabled":0,"Affiliations":[15]},{"Description":"Wright, Stephen","Id":375,"ExternalId":"","ContestId":21,"Type":"Regular","Disabled":0,"Affiliations":[15]},{"Description":"Yundt, Robert","Id":376,"ExternalId":"","ContestId":21,"Type":"Regular","Disabled":0,"Affiliations":[15]},{"Description":"Write-in","Id":513,"ExternalId":"","ContestId":21,"Type":"WriteIn","Disabled":0,"Affiliations":[]},{"Description":"Kawasaki, Scott","Id":377,"ExternalId":"","ContestId":23,"Type":"Regular","Disabled":0,"Affiliations":[7]},{"Description":"Hajdukovich, Leslie W.","Id":378,"ExternalId":"","ContestId":23,"Type":"Regular","Disabled":0,"Affiliations":[15]},{"Description":"Write-in","Id":467,"ExternalId":"","ContestId":23,"Type":"WriteIn","Disabled":0,"Affiliations":[]},{"Description":"Cronk, Mike","Id":531,"ExternalId":"","ContestId":25,"Type":"Regular","Disabled":0,"Affiliations":[15]},{"Description":"Williams, Robert \"Bert\"","Id":532,"ExternalId":"","ContestId":25,"Type":"Regular","Disabled":0,"Affiliations":[3]},{"Description":"Fletcher, Savannah","Id":533,"ExternalId":"","ContestId":25,"Type":"Regular","Disabled":0,"Affiliations":[2]},{"Description":"Write-in","Id":535,"ExternalId":"","ContestId":25,"Type":"WriteIn","Disabled":0,"Affiliations":[]},{"Description":"Olson, Donald C. \"Donny\"","Id":379,"ExternalId":"","ContestId":27,"Type":"Regular","Disabled":0,"Affiliations":[7]},{"Description":"Write-in","Id":485,"ExternalId":"","ContestId":27,"Type":"WriteIn","Disabled":0,"Affiliations":[]},{"Description":"Moran, Agnes C.","Id":380,"ExternalId":"","ContestId":28,"Type":"Regular","Disabled":0,"Affiliations":[1]},{"Description":"Bynum, Jeremy T.","Id":381,"ExternalId":"","ContestId":28,"Type":"Regular","Disabled":0,"Affiliations":[15]},{"Description":"Echohawk, Grant","Id":382,"ExternalId":"","ContestId":28,"Type":"Regular","Disabled":0,"Affiliations":[1]},{"Description":"Write-in","Id":505,"ExternalId":"","ContestId":28,"Type":"WriteIn","Disabled":0,"Affiliations":[]},{"Description":"Himschoot, Rebecca","Id":384,"ExternalId":"","ContestId":29,"Type":"Regular","Disabled":0,"Affiliations":[1]},{"Description":"Write-in","Id":470,"ExternalId":"","ContestId":29,"Type":"WriteIn","Disabled":0,"Affiliations":[]},{"Description":"Story, Andrea \"Andi\"","Id":386,"ExternalId":"","ContestId":30,"Type":"Regular","Disabled":0,"Affiliations":[7]},{"Description":"Write-in","Id":507,"ExternalId":"","ContestId":30,"Type":"WriteIn","Disabled":0,"Affiliations":[]},{"Description":"Hannan, Sara","Id":387,"ExternalId":"","ContestId":31,"Type":"Regular","Disabled":0,"Affiliations":[7]},{"Description":"Write-in","Id":508,"ExternalId":"","ContestId":31,"Type":"WriteIn","Disabled":0,"Affiliations":[]},{"Description":"Radner, Leighton","Id":388,"ExternalId":"","ContestId":32,"Type":"Regular","Disabled":0,"Affiliations":[10]},{"Description":"Stutes, Louise B.","Id":389,"ExternalId":"","ContestId":32,"Type":"Regular","Disabled":0,"Affiliations":[15]},{"Description":"Write-in","Id":514,"ExternalId":"","ContestId":32,"Type":"WriteIn","Disabled":0,"Affiliations":[]},{"Description":"Vance, Sarah L.","Id":391,"ExternalId":"","ContestId":33,"Type":"Regular","Disabled":0,"Affiliations":[15]},{"Description":"Johnson, Brent","Id":392,"ExternalId":"","ContestId":33,"Type":"Regular","Disabled":0,"Affiliations":[1]},{"Description":"Slaughter, Dawson R.","Id":393,"ExternalId":"","ContestId":33,"Type":"Regular","Disabled":0,"Affiliations":[15]},{"Description":"Write-in","Id":493,"ExternalId":"","ContestId":33,"Type":"WriteIn","Disabled":0,"Affiliations":[]},{"Description":"Gillham, Ronald D. \"Ron\"","Id":394,"ExternalId":"","ContestId":34,"Type":"Regular","Disabled":0,"Affiliations":[15]},{"Description":"Ruffridge, Justin M.","Id":395,"ExternalId":"","ContestId":34,"Type":"Regular","Disabled":0,"Affiliations":[15]},{"Description":"Write-in","Id":472,"ExternalId":"","ContestId":34,"Type":"WriteIn","Disabled":0,"Affiliations":[]},{"Description":"Elam, Bill","Id":396,"ExternalId":"","ContestId":35,"Type":"Regular","Disabled":0,"Affiliations":[15]},{"Description":"Hillyer, John","Id":397,"ExternalId":"","ContestId":35,"Type":"Regular","Disabled":0,"Affiliations":[15]},{"Description":"Write-in","Id":509,"ExternalId":"","ContestId":35,"Type":"WriteIn","Disabled":0,"Affiliations":[]},{"Description":"Bauer, Lucy","Id":399,"ExternalId":"","ContestId":36,"Type":"Regular","Disabled":0,"Affiliations":[15]},{"Description":"Holland, Ky","Id":401,"ExternalId":"","ContestId":36,"Type":"Regular","Disabled":0,"Affiliations":[1]},{"Description":"Write-in","Id":488,"ExternalId":"","ContestId":36,"Type":"WriteIn","Disabled":0,"Affiliations":[]},{"Description":"Kopp, Charles M. \"Chuck\"","Id":402,"ExternalId":"","ContestId":37,"Type":"Regular","Disabled":0,"Affiliations":[15]},{"Description":"Johnson, Craig W.","Id":404,"ExternalId":"","ContestId":37,"Type":"Regular","Disabled":0,"Affiliations":[15]},{"Description":"Write-in","Id":494,"ExternalId":"","ContestId":37,"Type":"WriteIn","Disabled":0,"Affiliations":[]},{"Description":"Coulombe, Julie","Id":405,"ExternalId":"","ContestId":38,"Type":"Regular","Disabled":0,"Affiliations":[15]},{"Description":"Featherly, Walter T.","Id":406,"ExternalId":"","ContestId":38,"Type":"Regular","Disabled":0,"Affiliations":[1]},{"Description":"Write-in","Id":499,"ExternalId":"","ContestId":38,"Type":"WriteIn","Disabled":0,"Affiliations":[]},{"Description":"Lurtsema, Joseph M. \"Joe\"","Id":407,"ExternalId":"","ContestId":39,"Type":"Regular","Disabled":0,"Affiliations":[15]},{"Description":"Schrage, Calvin R.","Id":408,"ExternalId":"","ContestId":39,"Type":"Regular","Disabled":0,"Affiliations":[1]},{"Description":"Write-in","Id":471,"ExternalId":"","ContestId":39,"Type":"WriteIn","Disabled":0,"Affiliations":[]},{"Description":"Gottshall, Heather","Id":409,"ExternalId":"","ContestId":40,"Type":"Regular","Disabled":0,"Affiliations":[15]},{"Description":"Josephson, Andrew L. \"Andy\"","Id":410,"ExternalId":"","ContestId":40,"Type":"Regular","Disabled":0,"Affiliations":[7]},{"Description":"Write-in","Id":484,"ExternalId":"","ContestId":40,"Type":"WriteIn","Disabled":0,"Affiliations":[]},{"Description":"Galvin, Alyse S.","Id":411,"ExternalId":"","ContestId":41,"Type":"Regular","Disabled":0,"Affiliations":[1]},{"Description":"Kamdem, Harry Winner","Id":412,"ExternalId":"","ContestId":41,"Type":"Regular","Disabled":0,"Affiliations":[7]},{"Description":"Write-in","Id":475,"ExternalId":"","ContestId":41,"Type":"WriteIn","Disabled":0,"Affiliations":[]},{"Description":"Costello, Mia","Id":413,"ExternalId":"","ContestId":42,"Type":"Regular","Disabled":0,"Affiliations":[15]},{"Description":"Wells, Denny","Id":414,"ExternalId":"","ContestId":42,"Type":"Regular","Disabled":0,"Affiliations":[7]},{"Description":"Darden, Dustin T.","Id":415,"ExternalId":"","ContestId":42,"Type":"Regular","Disabled":0,"Affiliations":[7]},{"Description":"Write-in","Id":504,"ExternalId":"","ContestId":42,"Type":"WriteIn","Disabled":0,"Affiliations":[]},{"Description":"Moe, Nick","Id":416,"ExternalId":"","ContestId":43,"Type":"Regular","Disabled":0,"Affiliations":[1]},{"Description":"Hall, Carolyn","Id":417,"ExternalId":"","ContestId":43,"Type":"Regular","Disabled":0,"Affiliations":[7]},{"Description":"Write-in","Id":495,"ExternalId":"","ContestId":43,"Type":"WriteIn","Disabled":0,"Affiliations":[]},{"Description":"Fields, William Z. \"Zack\"","Id":418,"ExternalId":"","ContestId":44,"Type":"Regular","Disabled":0,"Affiliations":[7]},{"Description":"Write-in","Id":479,"ExternalId":"","ContestId":44,"Type":"WriteIn","Disabled":0,"Affiliations":[]},{"Description":"Groh, Cliff","Id":419,"ExternalId":"","ContestId":45,"Type":"Regular","Disabled":0,"Affiliations":[7]},{"Description":"Nelson, David","Id":420,"ExternalId":"","ContestId":45,"Type":"Regular","Disabled":0,"Affiliations":[15]},{"Description":"Write-in","Id":515,"ExternalId":"","ContestId":45,"Type":"WriteIn","Disabled":0,"Affiliations":[]},{"Description":"Wyatt, Russell O.","Id":421,"ExternalId":"","ContestId":46,"Type":"Regular","Disabled":0,"Affiliations":[2]},{"Description":"Mina, Genevieve G.","Id":422,"ExternalId":"","ContestId":46,"Type":"Regular","Disabled":0,"Affiliations":[7]},{"Description":"Anderson, Kaylee M.","Id":423,"ExternalId":"","ContestId":46,"Type":"Regular","Disabled":0,"Affiliations":[15]},{"Description":"Write-in","Id":466,"ExternalId":"","ContestId":46,"Type":"WriteIn","Disabled":0,"Affiliations":[]},{"Description":"Gray, Andrew T.","Id":424,"ExternalId":"","ContestId":47,"Type":"Regular","Disabled":0,"Affiliations":[7]},{"Description":"Kohlhaas, Scott A.","Id":425,"ExternalId":"","ContestId":47,"Type":"Regular","Disabled":0,"Affiliations":[10]},{"Description":"Write-in","Id":482,"ExternalId":"","ContestId":47,"Type":"WriteIn","Disabled":0,"Affiliations":[]},{"Description":"Mears, Donna C.","Id":426,"ExternalId":"","ContestId":48,"Type":"Regular","Disabled":0,"Affiliations":[7]},{"Description":"Sims, Aimée","Id":427,"ExternalId":"","ContestId":48,"Type":"Regular","Disabled":0,"Affiliations":[15]},{"Description":"Write-in","Id":469,"ExternalId":"","ContestId":48,"Type":"WriteIn","Disabled":0,"Affiliations":[]},{"Description":"Wright, Stanley A.","Id":428,"ExternalId":"","ContestId":49,"Type":"Regular","Disabled":0,"Affiliations":[15]},{"Description":"Eischeid, Ted J.","Id":429,"ExternalId":"","ContestId":49,"Type":"Regular","Disabled":0,"Affiliations":[7]},{"Description":"Write-in","Id":489,"ExternalId":"","ContestId":49,"Type":"WriteIn","Disabled":0,"Affiliations":[]},{"Description":"Allard, Jamie","Id":430,"ExternalId":"","ContestId":50,"Type":"Regular","Disabled":0,"Affiliations":[15]},{"Description":"Arlington, Jim","Id":431,"ExternalId":"","ContestId":50,"Type":"Regular","Disabled":0,"Affiliations":[7]},{"Description":"Write-in","Id":512,"ExternalId":"","ContestId":50,"Type":"WriteIn","Disabled":0,"Affiliations":[]},{"Description":"Saddler, Dan","Id":432,"ExternalId":"","ContestId":51,"Type":"Regular","Disabled":0,"Affiliations":[15]},{"Description":"Write-in","Id":474,"ExternalId":"","ContestId":51,"Type":"WriteIn","Disabled":0,"Affiliations":[]},{"Description":"Johnson, DeLena M.","Id":433,"ExternalId":"","ContestId":52,"Type":"Regular","Disabled":0,"Affiliations":[15]},{"Description":"Write-in","Id":501,"ExternalId":"","ContestId":52,"Type":"WriteIn","Disabled":0,"Affiliations":[]},{"Description":"Tilton, Cathy","Id":434,"ExternalId":"","ContestId":53,"Type":"Regular","Disabled":0,"Affiliations":[15]},{"Description":"Write-in","Id":510,"ExternalId":"","ContestId":53,"Type":"WriteIn","Disabled":0,"Affiliations":[]},{"Description":"Underwood, Jubilee L.","Id":435,"ExternalId":"","ContestId":54,"Type":"Regular","Disabled":0,"Affiliations":[15]},{"Description":"Eastman, David","Id":436,"ExternalId":"","ContestId":54,"Type":"Regular","Disabled":0,"Affiliations":[15]},{"Description":"Write-in","Id":511,"ExternalId":"","ContestId":54,"Type":"WriteIn","Disabled":0,"Affiliations":[]},{"Description":"Wright, Jessica","Id":437,"ExternalId":"","ContestId":55,"Type":"Regular","Disabled":0,"Affiliations":[15]},{"Description":"Menard, Steve","Id":438,"ExternalId":"","ContestId":55,"Type":"Regular","Disabled":0,"Affiliations":[15]},{"Description":"Moore, Elexie","Id":439,"ExternalId":"","ContestId":55,"Type":"Regular","Disabled":0,"Affiliations":[15]},{"Description":"Write-in","Id":498,"ExternalId":"","ContestId":55,"Type":"WriteIn","Disabled":0,"Affiliations":[]},{"Description":"Rauscher, George","Id":442,"ExternalId":"","ContestId":56,"Type":"Regular","Disabled":0,"Affiliations":[15]},{"Description":"Write-in","Id":478,"ExternalId":"","ContestId":56,"Type":"WriteIn","Disabled":0,"Affiliations":[]},{"Description":"McCabe, Kevin J.","Id":443,"ExternalId":"","ContestId":57,"Type":"Regular","Disabled":0,"Affiliations":[15]},{"Description":"Holmes, Doyle E.","Id":444,"ExternalId":"","ContestId":57,"Type":"Regular","Disabled":0,"Affiliations":[15]},{"Description":"Write-in","Id":473,"ExternalId":"","ContestId":57,"Type":"WriteIn","Disabled":0,"Affiliations":[]},{"Description":"LeBon, Bart","Id":445,"ExternalId":"","ContestId":58,"Type":"Regular","Disabled":0,"Affiliations":[15]},{"Description":"Dibert, Maxine L.","Id":446,"ExternalId":"","ContestId":58,"Type":"Regular","Disabled":0,"Affiliations":[7]},{"Description":"Write-in","Id":506,"ExternalId":"","ContestId":58,"Type":"WriteIn","Disabled":0,"Affiliations":[]},{"Description":"Damron, Gary K.","Id":447,"ExternalId":"","ContestId":59,"Type":"Regular","Disabled":0,"Affiliations":[7]},{"Description":"Stapp, Will","Id":448,"ExternalId":"","ContestId":59,"Type":"Regular","Disabled":0,"Affiliations":[15]},{"Description":"Write-in","Id":491,"ExternalId":"","ContestId":59,"Type":"WriteIn","Disabled":0,"Affiliations":[]},{"Description":"Prax, Glenn \"Mike\"","Id":450,"ExternalId":"","ContestId":60,"Type":"Regular","Disabled":0,"Affiliations":[15]},{"Description":"Write-in","Id":477,"ExternalId":"","ContestId":60,"Type":"WriteIn","Disabled":0,"Affiliations":[]},{"Description":"Tomaszewski, Frank","Id":451,"ExternalId":"","ContestId":61,"Type":"Regular","Disabled":0,"Affiliations":[15]},{"Description":"Cottle, Joy \"Joy Beth\"","Id":452,"ExternalId":"","ContestId":61,"Type":"Regular","Disabled":0,"Affiliations":[15]},{"Description":"Write-in","Id":500,"ExternalId":"","ContestId":61,"Type":"WriteIn","Disabled":0,"Affiliations":[]},{"Description":"Carrick, Ashley E.","Id":453,"ExternalId":"","ContestId":62,"Type":"Regular","Disabled":0,"Affiliations":[7]},{"Description":"McNeill, Ruben A. Jr.","Id":454,"ExternalId":"","ContestId":62,"Type":"Regular","Disabled":0,"Affiliations":[15]},{"Description":"Write-in","Id":487,"ExternalId":"","ContestId":62,"Type":"WriteIn","Disabled":0,"Affiliations":[]},{"Description":"Goode, Pamela","Id":548,"ExternalId":"","ContestId":63,"Type":"Regular","Disabled":0,"Affiliations":[15]},{"Description":"Kowalski, Brandon P. \"Putuuqti\"","Id":538,"ExternalId":"","ContestId":63,"Type":"Regular","Disabled":0,"Affiliations":[7]},{"Description":"Fields, James","Id":553,"ExternalId":"","ContestId":63,"Type":"Regular","Disabled":0,"Affiliations":[10]},{"Description":"Schwanke, Rebecca A.","Id":539,"ExternalId":"","ContestId":63,"Type":"Regular","Disabled":0,"Affiliations":[15]},{"Description":"Write-in","Id":502,"ExternalId":"","ContestId":63,"Type":"WriteIn","Disabled":0,"Affiliations":[]},{"Description":"Edgmon, Bryce","Id":455,"ExternalId":"","ContestId":64,"Type":"Regular","Disabled":0,"Affiliations":[2]},{"Description":"Deacon, Darren M.","Id":456,"ExternalId":"","ContestId":64,"Type":"Regular","Disabled":0,"Affiliations":[1]},{"Description":"Write-in","Id":486,"ExternalId":"","ContestId":64,"Type":"WriteIn","Disabled":0,"Affiliations":[]},{"Description":"Keppel, Willy","Id":457,"ExternalId":"","ContestId":65,"Type":"Regular","Disabled":0,"Affiliations":[17]},{"Description":"McCormick, C.J.","Id":458,"ExternalId":"","ContestId":65,"Type":"Regular","Disabled":0,"Affiliations":[7]},{"Description":"Jimmie, Nellie D. \"Unangik\"","Id":459,"ExternalId":"","ContestId":65,"Type":"Regular","Disabled":0,"Affiliations":[7]},{"Description":"Sosa, Victoria B.","Id":460,"ExternalId":"","ContestId":65,"Type":"Regular","Disabled":0,"Affiliations":[7]},{"Description":"Write-in","Id":516,"ExternalId":"","ContestId":65,"Type":"WriteIn","Disabled":0,"Affiliations":[]},{"Description":"Ivanoff, Tyler","Id":461,"ExternalId":"","ContestId":66,"Type":"Regular","Disabled":0,"Affiliations":[3]},{"Description":"Foster, Neal W.","Id":462,"ExternalId":"","ContestId":66,"Type":"Regular","Disabled":0,"Affiliations":[7]},{"Description":"Write-in","Id":492,"ExternalId":"","ContestId":66,"Type":"WriteIn","Disabled":0,"Affiliations":[]},{"Description":"Chase, Saima \"Ikrik\"","Id":463,"ExternalId":"","ContestId":67,"Type":"Regular","Disabled":0,"Affiliations":[7]},{"Description":"Baker, Thomas C. \"Ikaaq\"","Id":464,"ExternalId":"","ContestId":67,"Type":"Regular","Disabled":0,"Affiliations":[2]},{"Description":"Burke, Robyn \"Niayuq\"","Id":465,"ExternalId":"","ContestId":67,"Type":"Regular","Disabled":0,"Affiliations":[7]},{"Description":"Write-in","Id":468,"ExternalId":"","ContestId":67,"Type":"WriteIn","Disabled":0,"Affiliations":[]},{"Description":"YES","Id":217,"ExternalId":"","ContestId":68,"Type":"Regular","Disabled":0,"Affiliations":[]},{"Description":"NO","Id":218,"ExternalId":"","ContestId":68,"Type":"Regular","Disabled":0,"Affiliations":[]},{"Description":"YES","Id":219,"ExternalId":"","ContestId":69,"Type":"Regular","Disabled":0,"Affiliations":[]},{"Description":"NO","Id":220,"ExternalId":"","ContestId":69,"Type":"Regular","Disabled":0,"Affiliations":[]},{"Description":"YES","Id":223,"ExternalId":"","ContestId":71,"Type":"Regular","Disabled":0,"Affiliations":[]},{"Description":"NO","Id":224,"ExternalId":"","ContestId":71,"Type":"Regular","Disabled":0,"Affiliations":[]},{"Description":"YES","Id":225,"ExternalId":"","ContestId":72,"Type":"Regular","Disabled":0,"Affiliations":[]},{"Description":"NO","Id":226,"ExternalId":"","ContestId":72,"Type":"Regular","Disabled":0,"Affiliations":[]},{"Description":"YES","Id":233,"ExternalId":"","ContestId":76,"Type":"Regular","Disabled":0,"Affiliations":[]},{"Description":"NO","Id":234,"ExternalId":"","ContestId":76,"Type":"Regular","Disabled":0,"Affiliations":[]},{"Description":"YES","Id":235,"ExternalId":"","ContestId":77,"Type":"Regular","Disabled":0,"Affiliations":[]},{"Description":"NO","Id":236,"ExternalId":"","ContestId":77,"Type":"Regular","Disabled":0,"Affiliations":[]},{"Description":"YES","Id":251,"ExternalId":"","ContestId":85,"Type":"Regular","Disabled":0,"Affiliations":[]},{"Description":"NO","Id":252,"ExternalId":"","ContestId":85,"Type":"Regular","Disabled":0,"Affiliations":[]},{"Description":"YES","Id":261,"ExternalId":"","ContestId":90,"Type":"Regular","Disabled":0,"Affiliations":[]},{"Description":"NO","Id":262,"ExternalId":"","ContestId":90,"Type":"Regular","Disabled":0,"Affiliations":[]},{"Description":"YES","Id":263,"ExternalId":"","ContestId":91,"Type":"Regular","Disabled":0,"Affiliations":[]},{"Description":"NO","Id":264,"ExternalId":"","ContestId":91,"Type":"Regular","Disabled":0,"Affiliations":[]},{"Description":"YES","Id":265,"ExternalId":"","ContestId":92,"Type":"Regular","Disabled":0,"Affiliations":[]},{"Description":"NO","Id":266,"ExternalId":"","ContestId":92,"Type":"Regular","Disabled":0,"Affiliations":[]},{"Description":"YES","Id":267,"ExternalId":"","ContestId":93,"Type":"Regular","Disabled":0,"Affiliations":[]},{"Description":"NO","Id":268,"ExternalId":"","ContestId":93,"Type":"Regular","Disabled":0,"Affiliations":[]},{"Description":"YES","Id":313,"ExternalId":"","ContestId":116,"Type":"Regular","Disabled":0,"Affiliations":[]},{"Description":"NO","Id":314,"ExternalId":"","ContestId":116,"Type":"Regular","Disabled":0,"Affiliations":[]},{"Description":"YES","Id":315,"ExternalId":"","ContestId":117,"Type":"Regular","Disabled":0,"Affiliations":[]},{"Description":"NO","Id":316,"ExternalId":"","ContestId":117,"Type":"Regular","Disabled":0,"Affiliations":[]},{"Description":"YES","Id":317,"ExternalId":"","ContestId":118,"Type":"Regular","Disabled":0,"Affiliations":[]},{"Description":"NO","Id":318,"ExternalId":"","ContestId":118,"Type":"Regular","Disabled":0,"Affiliations":[]},{"Description":"YES","Id":319,"ExternalId":"","ContestId":119,"Type":"Regular","Disabled":0,"Affiliations":[]},{"Description":"NO","Id":320,"ExternalId":"","ContestId":119,"Type":"Regular","Disabled":0,"Affiliations":[]},{"Description":"YES","Id":321,"ExternalId":"","ContestId":120,"Type":"Regular","Disabled":0,"Affiliations":[]},{"Description":"NO","Id":322,"ExternalId":"","ContestId":120,"Type":"Regular","Disabled":0,"Affiliations":[]},{"Description":"YES","Id":323,"ExternalId":"","ContestId":121,"Type":"Regular","Disabled":0,"Affiliations":[]},{"Description":"NO","Id":324,"ExternalId":"","ContestId":121,"Type":"Regular","Disabled":0,"Affiliations":[]},{"Description":"YES","Id":325,"ExternalId":"","ContestId":122,"Type":"Regular","Disabled":0,"Affiliations":[]},{"Description":"NO","Id":326,"ExternalId":"","ContestId":122,"Type":"Regular","Disabled":0,"Affiliations":[]},{"Description":"YES","Id":339,"ExternalId":"","ContestId":129,"Type":"Regular","Disabled":0,"Affiliations":[]},{"Description":"NO","Id":340,"ExternalId":"","ContestId":129,"Type":"Regular","Disabled":0,"Affiliations":[]},{"Description":"YES","Id":355,"ExternalId":"","ContestId":137,"Type":"Regular","Disabled":0,"Affiliations":[]},{"Description":"NO","Id":356,"ExternalId":"","ContestId":137,"Type":"Regular","Disabled":0,"Affiliations":[]},{"Description":"YES","Id":357,"ExternalId":"","ContestId":138,"Type":"Regular","Disabled":0,"Affiliations":[]},{"Description":"NO","Id":358,"ExternalId":"","ContestId":138,"Type":"Regular","Disabled":0,"Affiliations":[]}]}