{"Version":"5.17.18.1","List":[{"Description":"U.S. President / Vice President","Id":4,"ExternalId":"","DistrictId":67,"VoteFor":1,"NumOfRanks":8,"NumOfWriteins":0,"Disabled":0,"Type":"Candidacy"},{"Description":"U.S. Representative","Id":7,"ExternalId":"","DistrictId":67,"VoteFor":1,"NumOfRanks":5,"NumOfWriteins":1,"Disabled":0,"Type":"Candidacy"},{"Description":"Senate District B","Id":9,"ExternalId":"","DistrictId":3,"VoteFor":1,"NumOfRanks":2,"NumOfWriteins":1,"Disabled":0,"Type":"Candidacy"},{"Description":"Senate District D","Id":11,"ExternalId":"","DistrictId":5,"VoteFor":1,"NumOfRanks":4,"NumOfWriteins":1,"Disabled":0,"Type":"Candidacy"},{"Description":"Senate District F","Id":13,"ExternalId":"","DistrictId":7,"VoteFor":1,"NumOfRanks":4,"NumOfWriteins":1,"Disabled":0,"Type":"Candidacy"},{"Description":"Senate District H","Id":15,"ExternalId":"","DistrictId":9,"VoteFor":1,"NumOfRanks":3,"NumOfWriteins":1,"Disabled":0,"Type":"Candidacy"},{"Description":"Senate District J","Id":17,"ExternalId":"","DistrictId":11,"VoteFor":1,"NumOfRanks":3,"NumOfWriteins":1,"Disabled":0,"Type":"Candidacy"},{"Description":"Senate District L","Id":19,"ExternalId":"","DistrictId":13,"VoteFor":1,"NumOfRanks":4,"NumOfWriteins":1,"Disabled":0,"Type":"Candidacy"},{"Description":"Senate District N","Id":21,"ExternalId":"","DistrictId":15,"VoteFor":1,"NumOfRanks":4,"NumOfWriteins":1,"Disabled":0,"Type":"Candidacy"},{"Description":"Senate District P","Id":23,"ExternalId":"","DistrictId":17,"VoteFor":1,"NumOfRanks":3,"NumOfWriteins":1,"Disabled":0,"Type":"Candidacy"},{"Description":"Senate District R","Id":25,"ExternalId":"","DistrictId":19,"VoteFor":1,"NumOfRanks":4,"NumOfWriteins":1,"Disabled":0,"Type":"Candidacy"},{"Description":"Senate District T","Id":27,"ExternalId":"","DistrictId":21,"VoteFor":1,"NumOfRanks":2,"NumOfWriteins":1,"Disabled":0,"Type":"Candidacy"},{"Description":"House District 1","Id":28,"ExternalId":"","DistrictId":22,"VoteFor":1,"NumOfRanks":4,"NumOfWriteins":1,"Disabled":0,"Type":"Candidacy"},{"Description":"House District 2","Id":29,"ExternalId":"","DistrictId":23,"VoteFor":1,"NumOfRanks":2,"NumOfWriteins":1,"Disabled":0,"Type":"Candidacy"},{"Description":"House District 3","Id":30,"ExternalId":"","DistrictId":24,"VoteFor":1,"NumOfRanks":2,"NumOfWriteins":1,"Disabled":0,"Type":"Candidacy"},{"Description":"House District 4","Id":31,"ExternalId":"","DistrictId":25,"VoteFor":1,"NumOfRanks":2,"NumOfWriteins":1,"Disabled":0,"Type":"Candidacy"},{"Description":"House District 5","Id":32,"ExternalId":"","DistrictId":26,"VoteFor":1,"NumOfRanks":3,"NumOfWriteins":1,"Disabled":0,"Type":"Candidacy"},{"Description":"House District 6","Id":33,"ExternalId":"","DistrictId":27,"VoteFor":1,"NumOfRanks":4,"NumOfWriteins":1,"Disabled":0,"Type":"Candidacy"},{"Description":"House District 7","Id":34,"ExternalId":"","DistrictId":28,"VoteFor":1,"NumOfRanks":3,"NumOfWriteins":1,"Disabled":0,"Type":"Candidacy"},{"Description":"House District 8","Id":35,"ExternalId":"","DistrictId":29,"VoteFor":1,"NumOfRanks":3,"NumOfWriteins":1,"Disabled":0,"Type":"Candidacy"},{"Description":"House District 9","Id":36,"ExternalId":"","DistrictId":30,"VoteFor":1,"NumOfRanks":3,"NumOfWriteins":1,"Disabled":0,"Type":"Candidacy"},{"Description":"House District 10","Id":37,"ExternalId":"","DistrictId":31,"VoteFor":1,"NumOfRanks":3,"NumOfWriteins":1,"Disabled":0,"Type":"Candidacy"},{"Description":"House District 11","Id":38,"ExternalId":"","DistrictId":32,"VoteFor":1,"NumOfRanks":3,"NumOfWriteins":1,"Disabled":0,"Type":"Candidacy"},{"Description":"House District 12","Id":39,"ExternalId":"","DistrictId":33,"VoteFor":1,"NumOfRanks":3,"NumOfWriteins":1,"Disabled":0,"Type":"Candidacy"},{"Description":"House District 13","Id":40,"ExternalId":"","DistrictId":34,"VoteFor":1,"NumOfRanks":3,"NumOfWriteins":1,"Disabled":0,"Type":"Candidacy"},{"Description":"House District 14","Id":41,"ExternalId":"","DistrictId":35,"VoteFor":1,"NumOfRanks":3,"NumOfWriteins":1,"Disabled":0,"Type":"Candidacy"},{"Description":"House District 15","Id":42,"ExternalId":"","DistrictId":36,"VoteFor":1,"NumOfRanks":4,"NumOfWriteins":1,"Disabled":0,"Type":"Candidacy"},{"Description":"House District 16","Id":43,"ExternalId":"","DistrictId":37,"VoteFor":1,"NumOfRanks":3,"NumOfWriteins":1,"Disabled":0,"Type":"Candidacy"},{"Description":"House District 17","Id":44,"ExternalId":"","DistrictId":38,"VoteFor":1,"NumOfRanks":2,"NumOfWriteins":1,"Disabled":0,"Type":"Candidacy"},{"Description":"House District 18","Id":45,"ExternalId":"","DistrictId":39,"VoteFor":1,"NumOfRanks":3,"NumOfWriteins":1,"Disabled":0,"Type":"Candidacy"},{"Description":"House District 19","Id":46,"ExternalId":"","DistrictId":40,"VoteFor":1,"NumOfRanks":4,"NumOfWriteins":1,"Disabled":0,"Type":"Candidacy"},{"Description":"House District 20","Id":47,"ExternalId":"","DistrictId":41,"VoteFor":1,"NumOfRanks":3,"NumOfWriteins":1,"Disabled":0,"Type":"Candidacy"},{"Description":"House District 21","Id":48,"ExternalId":"","DistrictId":42,"VoteFor":1,"NumOfRanks":3,"NumOfWriteins":1,"Disabled":0,"Type":"Candidacy"},{"Description":"House District 22","Id":49,"ExternalId":"","DistrictId":43,"VoteFor":1,"NumOfRanks":3,"NumOfWriteins":1,"Disabled":0,"Type":"Candidacy"},{"Description":"House District 23","Id":50,"ExternalId":"","DistrictId":44,"VoteFor":1,"NumOfRanks":3,"NumOfWriteins":1,"Disabled":0,"Type":"Candidacy"},{"Description":"House District 24","Id":51,"ExternalId":"","DistrictId":45,"VoteFor":1,"NumOfRanks":2,"NumOfWriteins":1,"Disabled":0,"Type":"Candidacy"},{"Description":"House District 25","Id":52,"ExternalId":"","DistrictId":46,"VoteFor":1,"NumOfRanks":2,"NumOfWriteins":1,"Disabled":0,"Type":"Candidacy"},{"Description":"House District 26","Id":53,"ExternalId":"","DistrictId":47,"VoteFor":1,"NumOfRanks":2,"NumOfWriteins":1,"Disabled":0,"Type":"Candidacy"},{"Description":"House District 27","Id":54,"ExternalId":"","DistrictId":48,"VoteFor":1,"NumOfRanks":3,"NumOfWriteins":1,"Disabled":0,"Type":"Candidacy"},{"Description":"House District 28","Id":55,"ExternalId":"","DistrictId":49,"VoteFor":1,"NumOfRanks":4,"NumOfWriteins":1,"Disabled":0,"Type":"Candidacy"},{"Description":"House District 29","Id":56,"ExternalId":"","DistrictId":50,"VoteFor":1,"NumOfRanks":2,"NumOfWriteins":1,"Disabled":0,"Type":"Candidacy"},{"Description":"House District 30","Id":57,"ExternalId":"","DistrictId":51,"VoteFor":1,"NumOfRanks":3,"NumOfWriteins":1,"Disabled":0,"Type":"Candidacy"},{"Description":"House District 31","Id":58,"ExternalId":"","DistrictId":52,"VoteFor":1,"NumOfRanks":3,"NumOfWriteins":1,"Disabled":0,"Type":"Candidacy"},{"Description":"House District 32","Id":59,"ExternalId":"","DistrictId":53,"VoteFor":1,"NumOfRanks":3,"NumOfWriteins":1,"Disabled":0,"Type":"Candidacy"},{"Description":"House District 33","Id":60,"ExternalId":"","DistrictId":54,"VoteFor":1,"NumOfRanks":2,"NumOfWriteins":1,"Disabled":0,"Type":"Candidacy"},{"Description":"House District 34","Id":61,"ExternalId":"","DistrictId":55,"VoteFor":1,"NumOfRanks":3,"NumOfWriteins":1,"Disabled":0,"Type":"Candidacy"},{"Description":"House District 35","Id":62,"ExternalId":"","DistrictId":56,"VoteFor":1,"NumOfRanks":3,"NumOfWriteins":1,"Disabled":0,"Type":"Candidacy"},{"Description":"House District 36","Id":63,"ExternalId":"","DistrictId":57,"VoteFor":1,"NumOfRanks":5,"NumOfWriteins":1,"Disabled":0,"Type":"Candidacy"},{"Description":"House District 37","Id":64,"ExternalId":"","DistrictId":58,"VoteFor":1,"NumOfRanks":3,"NumOfWriteins":1,"Disabled":0,"Type":"Candidacy"},{"Description":"House District 38","Id":65,"ExternalId":"","DistrictId":59,"VoteFor":1,"NumOfRanks":5,"NumOfWriteins":1,"Disabled":0,"Type":"Candidacy"},{"Description":"House District 39","Id":66,"ExternalId":"","DistrictId":60,"VoteFor":1,"NumOfRanks":3,"NumOfWriteins":1,"Disabled":0,"Type":"Candidacy"},{"Description":"House District 40","Id":67,"ExternalId":"","DistrictId":61,"VoteFor":1,"NumOfRanks":4,"NumOfWriteins":1,"Disabled":0,"Type":"Candidacy"},{"Description":"BM#1 - 23AMLS","Id":68,"ExternalId":"","DistrictId":1,"VoteFor":1,"NumOfRanks":0,"NumOfWriteins":0,"Disabled":0,"Type":"Measure"},{"Description":"BM#2 - 22AKHE","Id":69,"ExternalId":"","DistrictId":1,"VoteFor":1,"NumOfRanks":0,"NumOfWriteins":0,"Disabled":0,"Type":"Measure"},{"Description":"Supreme Court - Borghesan","Id":71,"ExternalId":"","DistrictId":1,"VoteFor":1,"NumOfRanks":0,"NumOfWriteins":0,"Disabled":0,"Type":"Measure"},{"Description":"Supreme Court - Henderson","Id":72,"ExternalId":"","DistrictId":1,"VoteFor":1,"NumOfRanks":0,"NumOfWriteins":0,"Disabled":0,"Type":"Measure"},{"Description":"Court of Appeals - Allard","Id":76,"ExternalId":"","DistrictId":1,"VoteFor":1,"NumOfRanks":0,"NumOfWriteins":0,"Disabled":0,"Type":"Measure"},{"Description":"Court of Appeals - Terrell","Id":77,"ExternalId":"","DistrictId":1,"VoteFor":1,"NumOfRanks":0,"NumOfWriteins":0,"Disabled":0,"Type":"Measure"},{"Description":"District Court JD1 - Pickrell","Id":85,"ExternalId":"","DistrictId":63,"VoteFor":1,"NumOfRanks":0,"NumOfWriteins":0,"Disabled":0,"Type":"Measure"},{"Description":"Superior Court JD3 - Ahrens","Id":90,"ExternalId":"","DistrictId":65,"VoteFor":1,"NumOfRanks":0,"NumOfWriteins":0,"Disabled":0,"Type":"Measure"},{"Description":"Superior Court JD3 - Seifert","Id":91,"ExternalId":"","DistrictId":65,"VoteFor":1,"NumOfRanks":0,"NumOfWriteins":0,"Disabled":0,"Type":"Measure"},{"Description":"Superior Court JD3 - Walker Jr.","Id":92,"ExternalId":"","DistrictId":65,"VoteFor":1,"NumOfRanks":0,"NumOfWriteins":0,"Disabled":0,"Type":"Measure"},{"Description":"Superior Court JD3 - Zeman","Id":93,"ExternalId":"","DistrictId":65,"VoteFor":1,"NumOfRanks":0,"NumOfWriteins":0,"Disabled":0,"Type":"Measure"},{"Description":"District Court JD3 - Dickson","Id":116,"ExternalId":"","DistrictId":65,"VoteFor":1,"NumOfRanks":0,"NumOfWriteins":0,"Disabled":0,"Type":"Measure"},{"Description":"District Court JD3 - Fanciosi","Id":117,"ExternalId":"","DistrictId":65,"VoteFor":1,"NumOfRanks":0,"NumOfWriteins":0,"Disabled":0,"Type":"Measure"},{"Description":"District Court JD3 - Hanley","Id":118,"ExternalId":"","DistrictId":65,"VoteFor":1,"NumOfRanks":0,"NumOfWriteins":0,"Disabled":0,"Type":"Measure"},{"Description":"District Court JD3 - Logue","Id":119,"ExternalId":"","DistrictId":65,"VoteFor":1,"NumOfRanks":0,"NumOfWriteins":0,"Disabled":0,"Type":"Measure"},{"Description":"District Court JD3 - McCrea","Id":120,"ExternalId":"","DistrictId":65,"VoteFor":1,"NumOfRanks":0,"NumOfWriteins":0,"Disabled":0,"Type":"Measure"},{"Description":"District Court JD3 - Wallace","Id":121,"ExternalId":"","DistrictId":65,"VoteFor":1,"NumOfRanks":0,"NumOfWriteins":0,"Disabled":0,"Type":"Measure"},{"Description":"District Court JD3 - Washington","Id":122,"ExternalId":"","DistrictId":65,"VoteFor":1,"NumOfRanks":0,"NumOfWriteins":0,"Disabled":0,"Type":"Measure"},{"Description":"Superior Court JD4 - Haines","Id":129,"ExternalId":"","DistrictId":66,"VoteFor":1,"NumOfRanks":0,"NumOfWriteins":0,"Disabled":0,"Type":"Measure"},{"Description":"District Court JD4 - Bahr","Id":137,"ExternalId":"","DistrictId":66,"VoteFor":1,"NumOfRanks":0,"NumOfWriteins":0,"Disabled":0,"Type":"Measure"},{"Description":"District Court JD4 - Christian","Id":138,"ExternalId":"","DistrictId":66,"VoteFor":1,"NumOfRanks":0,"NumOfWriteins":0,"Disabled":0,"Type":"Measure"}]}