{"Version":"5.17.18.1","ElectionId":"2024 General Election","Sessions":[{"TabulatorId":95305,"BatchId":1,"RecordId":4,"CountingGroupId":4,"ImageMask":"D:\\NAS\\2024 General Election\\Results\\Tabulator95305\\Batch001\\Images\\95305_00001_000004*.*","SessionType":"ScannedVote","VotingSessionIdentifier":"","UniqueVotingIdentifier":"","Original":{"PrecinctPortionId":541,"BallotTypeId":31,"IsCurrent":true,"Cards":[{"Id":1040,"KeyInId":1040,"PaperIndex":0,"Contests":[{"Id":4,"ManifestationId":579,"Undervotes":0,"Overvotes":0,"OutstackConditionIds":[14],"Marks":[{"CandidateId":543,"ManifestationId":4227,"PartyId":15,"Rank":1,"MarkDensity":100,"IsAmbiguous":false,"IsVote":true,"OutstackConditionIds":[]}]},{"Id":7,"ManifestationId":580,"Undervotes":0,"Overvotes":0,"OutstackConditionIds":[14],"Marks":[{"CandidateId":517,"ManifestationId":4293,"PartyId":15,"Rank":1,"MarkDensity":100,"IsAmbiguous":false,"IsVote":true,"OutstackConditionIds":[]}]},{"Id":57,"ManifestationId":581,"Undervotes":1,"Overvotes":0,"OutstackConditionIds":[13],"Marks":[]},{"Id":68,"ManifestationId":582,"Undervotes":0,"Overvotes":0,"OutstackConditionIds":[],"Marks":[{"CandidateId":218,"ManifestationId":4325,"PartyId":0,"Rank":1,"MarkDensity":100,"IsAmbiguous":false,"IsVote":true,"OutstackConditionIds":[]}]},{"Id":69,"ManifestationId":583,"Undervotes":0,"Overvotes":0,"OutstackConditionIds":[],"Marks":[{"CandidateId":219,"ManifestationId":4326,"PartyId":0,"Rank":1,"MarkDensity":100,"IsAmbiguous":false,"IsVote":true,"OutstackConditionIds":[]}]},{"Id":71,"ManifestationId":584,"Undervotes":1,"Overvotes":0,"OutstackConditionIds":[4,6],"Marks":[]},{"Id":72,"ManifestationId":585,"Undervotes":1,"Overvotes":0,"OutstackConditionIds":[4,6],"Marks":[]},{"Id":76,"ManifestationId":586,"Undervotes":1,"Overvotes":0,"OutstackConditionIds":[4,6],"Marks":[]},{"Id":77,"ManifestationId":587,"Undervotes":1,"Overvotes":0,"OutstackConditionIds":[4,6],"Marks":[]},{"Id":129,"ManifestationId":588,"Undervotes":0,"Overvotes":0,"OutstackConditionIds":[7],"Marks":[]},{"Id":137,"ManifestationId":589,"Undervotes":0,"Overvotes":0,"OutstackConditionIds":[7],"Marks":[]},{"Id":138,"ManifestationId":590,"Undervotes":0,"Overvotes":0,"OutstackConditionIds":[7],"Marks":[]}],"OutstackConditionIds":[]}]}},{"TabulatorId":95305,"BatchId":1,"RecordId":3,"CountingGroupId":4,"ImageMask":"D:\\NAS\\2024 General Election\\Results\\Tabulator95305\\Batch001\\Images\\95305_00001_000003*.*","SessionType":"ScannedVote","VotingSessionIdentifier":"","UniqueVotingIdentifier":"","Original":{"PrecinctPortionId":541,"BallotTypeId":31,"IsCurrent":true,"Cards":[{"Id":1040,"KeyInId":1040,"PaperIndex":0,"Contests":[{"Id":4,"ManifestationId":579,"Undervotes":0,"Overvotes":0,"OutstackConditionIds":[14],"Marks":[{"CandidateId":543,"ManifestationId":4227,"PartyId":15,"Rank":1,"MarkDensity":100,"IsAmbiguous":false,"IsVote":true,"OutstackConditionIds":[]}]},{"Id":7,"ManifestationId":580,"Undervotes":0,"Overvotes":0,"OutstackConditionIds":[14],"Marks":[{"CandidateId":517,"ManifestationId":4293,"PartyId":15,"Rank":1,"MarkDensity":100,"IsAmbiguous":false,"IsVote":true,"OutstackConditionIds":[]}]},{"Id":57,"ManifestationId":581,"Undervotes":0,"Overvotes":0,"OutstackConditionIds":[14],"Marks":[{"CandidateId":443,"ManifestationId":4315,"PartyId":15,"Rank":1,"MarkDensity":100,"IsAmbiguous":false,"IsVote":true,"OutstackConditionIds":[]},{"CandidateId":444,"ManifestationId":4319,"PartyId":15,"Rank":2,"MarkDensity":100,"IsAmbiguous":false,"IsVote":true,"OutstackConditionIds":[]}]},{"Id":68,"ManifestationId":582,"Undervotes":0,"Overvotes":0,"OutstackConditionIds":[],"Marks":[{"CandidateId":218,"ManifestationId":4325,"PartyId":0,"Rank":1,"MarkDensity":100,"IsAmbiguous":false,"IsVote":true,"OutstackConditionIds":[]}]},{"Id":69,"ManifestationId":583,"Undervotes":0,"Overvotes":0,"OutstackConditionIds":[],"Marks":[{"CandidateId":219,"ManifestationId":4326,"PartyId":0,"Rank":1,"MarkDensity":100,"IsAmbiguous":false,"IsVote":true,"OutstackConditionIds":[]}]},{"Id":71,"ManifestationId":584,"Undervotes":0,"Overvotes":0,"OutstackConditionIds":[],"Marks":[{"CandidateId":224,"ManifestationId":4329,"PartyId":0,"Rank":1,"MarkDensity":100,"IsAmbiguous":false,"IsVote":true,"OutstackConditionIds":[]}]},{"Id":72,"ManifestationId":585,"Undervotes":0,"Overvotes":0,"OutstackConditionIds":[],"Marks":[{"CandidateId":226,"ManifestationId":4331,"PartyId":0,"Rank":1,"MarkDensity":100,"IsAmbiguous":false,"IsVote":true,"OutstackConditionIds":[]}]},{"Id":76,"ManifestationId":586,"Undervotes":0,"Overvotes":0,"OutstackConditionIds":[],"Marks":[{"CandidateId":234,"ManifestationId":4333,"PartyId":0,"Rank":1,"MarkDensity":100,"IsAmbiguous":false,"IsVote":true,"OutstackConditionIds":[]}]},{"Id":77,"ManifestationId":587,"Undervotes":0,"Overvotes":0,"OutstackConditionIds":[],"Marks":[{"CandidateId":236,"ManifestationId":4335,"PartyId":0,"Rank":1,"MarkDensity":100,"IsAmbiguous":false,"IsVote":true,"OutstackConditionIds":[]}]},{"Id":129,"ManifestationId":588,"Undervotes":0,"Overvotes":0,"OutstackConditionIds":[7],"Marks":[{"CandidateId":340,"ManifestationId":4337,"PartyId":0,"Rank":1,"MarkDensity":100,"IsAmbiguous":false,"IsVote":false,"OutstackConditionIds":[7]}]},{"Id":137,"ManifestationId":589,"Undervotes":0,"Overvotes":0,"OutstackConditionIds":[7],"Marks":[{"CandidateId":356,"ManifestationId":4339,"PartyId":0,"Rank":1,"MarkDensity":100,"IsAmbiguous":false,"IsVote":false,"OutstackConditionIds":[7]}]},{"Id":138,"ManifestationId":590,"Undervotes":0,"Overvotes":0,"OutstackConditionIds":[7],"Marks":[{"CandidateId":358,"ManifestationId":4341,"PartyId":0,"Rank":1,"MarkDensity":100,"IsAmbiguous":false,"IsVote":false,"OutstackConditionIds":[7]}]}],"OutstackConditionIds":[]}]}},{"TabulatorId":95305,"BatchId":1,"RecordId":2,"CountingGroupId":4,"ImageMask":"D:\\NAS\\2024 General Election\\Results\\Tabulator95305\\Batch001\\Images\\95305_00001_000002*.*","SessionType":"ScannedVote","VotingSessionIdentifier":"","UniqueVotingIdentifier":"","Original":{"PrecinctPortionId":540,"BallotTypeId":32,"IsCurrent":true,"Cards":[{"Id":1041,"KeyInId":1041,"PaperIndex":0,"Contests":[{"Id":4,"ManifestationId":591,"Undervotes":0,"Overvotes":0,"OutstackConditionIds":[14],"Marks":[{"CandidateId":543,"ManifestationId":4343,"PartyId":15,"Rank":1,"MarkDensity":100,"IsAmbiguous":false,"IsVote":true,"OutstackConditionIds":[]}]},{"Id":7,"ManifestationId":592,"Undervotes":0,"Overvotes":0,"OutstackConditionIds":[14],"Marks":[{"CandidateId":517,"ManifestationId":4409,"PartyId":15,"Rank":1,"MarkDensity":100,"IsAmbiguous":false,"IsVote":true,"OutstackConditionIds":[]}]},{"Id":57,"ManifestationId":593,"Undervotes":0,"Overvotes":0,"OutstackConditionIds":[14],"Marks":[{"CandidateId":443,"ManifestationId":4431,"PartyId":15,"Rank":1,"MarkDensity":100,"IsAmbiguous":false,"IsVote":true,"OutstackConditionIds":[]}]},{"Id":68,"ManifestationId":594,"Undervotes":0,"Overvotes":0,"OutstackConditionIds":[],"Marks":[{"CandidateId":218,"ManifestationId":4441,"PartyId":0,"Rank":1,"MarkDensity":100,"IsAmbiguous":false,"IsVote":true,"OutstackConditionIds":[]}]},{"Id":69,"ManifestationId":595,"Undervotes":0,"Overvotes":0,"OutstackConditionIds":[],"Marks":[{"CandidateId":219,"ManifestationId":4442,"PartyId":0,"Rank":1,"MarkDensity":100,"IsAmbiguous":false,"IsVote":true,"OutstackConditionIds":[]}]},{"Id":71,"ManifestationId":596,"Undervotes":0,"Overvotes":0,"OutstackConditionIds":[],"Marks":[{"CandidateId":224,"ManifestationId":4445,"PartyId":0,"Rank":1,"MarkDensity":100,"IsAmbiguous":false,"IsVote":true,"OutstackConditionIds":[]}]},{"Id":72,"ManifestationId":597,"Undervotes":0,"Overvotes":0,"OutstackConditionIds":[],"Marks":[{"CandidateId":226,"ManifestationId":4447,"PartyId":0,"Rank":1,"MarkDensity":100,"IsAmbiguous":false,"IsVote":true,"OutstackConditionIds":[]}]},{"Id":76,"ManifestationId":598,"Undervotes":0,"Overvotes":0,"OutstackConditionIds":[],"Marks":[{"CandidateId":234,"ManifestationId":4449,"PartyId":0,"Rank":1,"MarkDensity":100,"IsAmbiguous":false,"IsVote":true,"OutstackConditionIds":[]}]},{"Id":77,"ManifestationId":599,"Undervotes":0,"Overvotes":0,"OutstackConditionIds":[],"Marks":[{"CandidateId":236,"ManifestationId":4451,"PartyId":0,"Rank":1,"MarkDensity":100,"IsAmbiguous":false,"IsVote":true,"OutstackConditionIds":[]}]},{"Id":90,"ManifestationId":600,"Undervotes":0,"Overvotes":0,"OutstackConditionIds":[7],"Marks":[{"CandidateId":262,"ManifestationId":4453,"PartyId":0,"Rank":1,"MarkDensity":100,"IsAmbiguous":false,"IsVote":false,"OutstackConditionIds":[7]}]},{"Id":91,"ManifestationId":601,"Undervotes":0,"Overvotes":0,"OutstackConditionIds":[7],"Marks":[{"CandidateId":264,"ManifestationId":4455,"PartyId":0,"Rank":1,"MarkDensity":100,"IsAmbiguous":false,"IsVote":false,"OutstackConditionIds":[7]}]},{"Id":92,"ManifestationId":602,"Undervotes":0,"Overvotes":0,"OutstackConditionIds":[7],"Marks":[{"CandidateId":266,"ManifestationId":4457,"PartyId":0,"Rank":1,"MarkDensity":100,"IsAmbiguous":false,"IsVote":false,"OutstackConditionIds":[7]}]},{"Id":93,"ManifestationId":603,"Undervotes":0,"Overvotes":0,"OutstackConditionIds":[7],"Marks":[{"CandidateId":268,"ManifestationId":4459,"PartyId":0,"Rank":1,"MarkDensity":100,"IsAmbiguous":false,"IsVote":false,"OutstackConditionIds":[7]}]},{"Id":116,"ManifestationId":604,"Undervotes":0,"Overvotes":0,"OutstackConditionIds":[7],"Marks":[{"CandidateId":314,"ManifestationId":4461,"PartyId":0,"Rank":1,"MarkDensity":100,"IsAmbiguous":false,"IsVote":false,"OutstackConditionIds":[7]}]},{"Id":117,"ManifestationId":605,"Undervotes":0,"Overvotes":0,"OutstackConditionIds":[7],"Marks":[{"CandidateId":316,"ManifestationId":4463,"PartyId":0,"Rank":1,"MarkDensity":100,"IsAmbiguous":false,"IsVote":false,"OutstackConditionIds":[7]}]},{"Id":118,"ManifestationId":606,"Undervotes":0,"Overvotes":0,"OutstackConditionIds":[7],"Marks":[{"CandidateId":318,"ManifestationId":4465,"PartyId":0,"Rank":1,"MarkDensity":100,"IsAmbiguous":false,"IsVote":false,"OutstackConditionIds":[7]}]},{"Id":119,"ManifestationId":607,"Undervotes":0,"Overvotes":0,"OutstackConditionIds":[7],"Marks":[{"CandidateId":320,"ManifestationId":4467,"PartyId":0,"Rank":1,"MarkDensity":100,"IsAmbiguous":false,"IsVote":false,"OutstackConditionIds":[7]}]},{"Id":120,"ManifestationId":608,"Undervotes":0,"Overvotes":0,"OutstackConditionIds":[7],"Marks":[{"CandidateId":322,"ManifestationId":4469,"PartyId":0,"Rank":1,"MarkDensity":100,"IsAmbiguous":false,"IsVote":false,"OutstackConditionIds":[7]}]},{"Id":121,"ManifestationId":609,"Undervotes":0,"Overvotes":0,"OutstackConditionIds":[7],"Marks":[{"CandidateId":324,"ManifestationId":4471,"PartyId":0,"Rank":1,"MarkDensity":100,"IsAmbiguous":false,"IsVote":false,"OutstackConditionIds":[7]}]},{"Id":122,"ManifestationId":610,"Undervotes":0,"Overvotes":0,"OutstackConditionIds":[7],"Marks":[{"CandidateId":326,"ManifestationId":4473,"PartyId":0,"Rank":1,"MarkDensity":100,"IsAmbiguous":false,"IsVote":false,"OutstackConditionIds":[7]}]}],"OutstackConditionIds":[]}]}},{"TabulatorId":95305,"BatchId":1,"RecordId":1,"CountingGroupId":4,"ImageMask":"D:\\NAS\\2024 General Election\\Results\\Tabulator95305\\Batch001\\Images\\95305_00001_000001*.*","SessionType":"ScannedVote","VotingSessionIdentifier":"","UniqueVotingIdentifier":"","Original":{"PrecinctPortionId":540,"BallotTypeId":32,"IsCurrent":true,"Cards":[{"Id":1041,"KeyInId":1041,"PaperIndex":0,"Contests":[{"Id":4,"ManifestationId":591,"Undervotes":0,"Overvotes":0,"OutstackConditionIds":[14],"Marks":[{"CandidateId":543,"ManifestationId":4343,"PartyId":15,"Rank":1,"MarkDensity":100,"IsAmbiguous":false,"IsVote":true,"OutstackConditionIds":[]},{"CandidateId":554,"ManifestationId":4354,"PartyId":18,"Rank":2,"MarkDensity":100,"IsAmbiguous":false,"IsVote":true,"OutstackConditionIds":[]}]},{"Id":7,"ManifestationId":592,"Undervotes":0,"Overvotes":0,"OutstackConditionIds":[14],"Marks":[{"CandidateId":517,"ManifestationId":4409,"PartyId":15,"Rank":1,"MarkDensity":100,"IsAmbiguous":false,"IsVote":true,"OutstackConditionIds":[]}]},{"Id":57,"ManifestationId":593,"Undervotes":0,"Overvotes":0,"OutstackConditionIds":[14],"Marks":[{"CandidateId":443,"ManifestationId":4431,"PartyId":15,"Rank":1,"MarkDensity":100,"IsAmbiguous":false,"IsVote":true,"OutstackConditionIds":[]},{"CandidateId":444,"ManifestationId":4435,"PartyId":15,"Rank":2,"MarkDensity":100,"IsAmbiguous":false,"IsVote":true,"OutstackConditionIds":[]}]},{"Id":68,"ManifestationId":594,"Undervotes":0,"Overvotes":0,"OutstackConditionIds":[],"Marks":[{"CandidateId":218,"ManifestationId":4441,"PartyId":0,"Rank":1,"MarkDensity":100,"IsAmbiguous":false,"IsVote":true,"OutstackConditionIds":[]}]},{"Id":69,"ManifestationId":595,"Undervotes":0,"Overvotes":0,"OutstackConditionIds":[],"Marks":[{"CandidateId":219,"ManifestationId":4442,"PartyId":0,"Rank":1,"MarkDensity":100,"IsAmbiguous":false,"IsVote":true,"OutstackConditionIds":[]}]},{"Id":71,"ManifestationId":596,"Undervotes":0,"Overvotes":0,"OutstackConditionIds":[],"Marks":[{"CandidateId":224,"ManifestationId":4445,"PartyId":0,"Rank":1,"MarkDensity":100,"IsAmbiguous":false,"IsVote":true,"OutstackConditionIds":[]}]},{"Id":72,"ManifestationId":597,"Undervotes":0,"Overvotes":0,"OutstackConditionIds":[],"Marks":[{"CandidateId":226,"ManifestationId":4447,"PartyId":0,"Rank":1,"MarkDensity":100,"IsAmbiguous":false,"IsVote":true,"OutstackConditionIds":[]}]},{"Id":76,"ManifestationId":598,"Undervotes":0,"Overvotes":0,"OutstackConditionIds":[],"Marks":[{"CandidateId":234,"ManifestationId":4449,"PartyId":0,"Rank":1,"MarkDensity":100,"IsAmbiguous":false,"IsVote":true,"OutstackConditionIds":[]}]},{"Id":77,"ManifestationId":599,"Undervotes":0,"Overvotes":0,"OutstackConditionIds":[],"Marks":[{"CandidateId":236,"ManifestationId":4451,"PartyId":0,"Rank":1,"MarkDensity":100,"IsAmbiguous":false,"IsVote":true,"OutstackConditionIds":[]}]},{"Id":90,"ManifestationId":600,"Undervotes":0,"Overvotes":0,"OutstackConditionIds":[7],"Marks":[{"CandidateId":262,"ManifestationId":4453,"PartyId":0,"Rank":1,"MarkDensity":100,"IsAmbiguous":false,"IsVote":false,"OutstackConditionIds":[7]}]},{"Id":91,"ManifestationId":601,"Undervotes":0,"Overvotes":0,"OutstackConditionIds":[7],"Marks":[{"CandidateId":264,"ManifestationId":4455,"PartyId":0,"Rank":1,"MarkDensity":100,"IsAmbiguous":false,"IsVote":false,"OutstackConditionIds":[7]}]},{"Id":92,"ManifestationId":602,"Undervotes":0,"Overvotes":0,"OutstackConditionIds":[7],"Marks":[{"CandidateId":266,"ManifestationId":4457,"PartyId":0,"Rank":1,"MarkDensity":100,"IsAmbiguous":false,"IsVote":false,"OutstackConditionIds":[7]}]},{"Id":93,"ManifestationId":603,"Undervotes":0,"Overvotes":0,"OutstackConditionIds":[7],"Marks":[{"CandidateId":268,"ManifestationId":4459,"PartyId":0,"Rank":1,"MarkDensity":100,"IsAmbiguous":false,"IsVote":false,"OutstackConditionIds":[7]}]},{"Id":116,"ManifestationId":604,"Undervotes":0,"Overvotes":0,"OutstackConditionIds":[7],"Marks":[{"CandidateId":314,"ManifestationId":4461,"PartyId":0,"Rank":1,"MarkDensity":100,"IsAmbiguous":false,"IsVote":false,"OutstackConditionIds":[7]}]},{"Id":117,"ManifestationId":605,"Undervotes":0,"Overvotes":0,"OutstackConditionIds":[7],"Marks":[{"CandidateId":316,"ManifestationId":4463,"PartyId":0,"Rank":1,"MarkDensity":100,"IsAmbiguous":false,"IsVote":false,"OutstackConditionIds":[7]}]},{"Id":118,"ManifestationId":606,"Undervotes":0,"Overvotes":0,"OutstackConditionIds":[7],"Marks":[{"CandidateId":318,"ManifestationId":4465,"PartyId":0,"Rank":1,"MarkDensity":100,"IsAmbiguous":false,"IsVote":false,"OutstackConditionIds":[7]}]},{"Id":119,"ManifestationId":607,"Undervotes":0,"Overvotes":0,"OutstackConditionIds":[7],"Marks":[{"CandidateId":320,"ManifestationId":4467,"PartyId":0,"Rank":1,"MarkDensity":100,"IsAmbiguous":false,"IsVote":false,"OutstackConditionIds":[7]}]},{"Id":120,"ManifestationId":608,"Undervotes":0,"Overvotes":0,"OutstackConditionIds":[7],"Marks":[{"CandidateId":322,"ManifestationId":4469,"PartyId":0,"Rank":1,"MarkDensity":100,"IsAmbiguous":false,"IsVote":false,"OutstackConditionIds":[7]}]},{"Id":121,"ManifestationId":609,"Undervotes":0,"Overvotes":0,"OutstackConditionIds":[7],"Marks":[{"CandidateId":324,"ManifestationId":4471,"PartyId":0,"Rank":1,"MarkDensity":100,"IsAmbiguous":false,"IsVote":false,"OutstackConditionIds":[7]}]},{"Id":122,"ManifestationId":610,"Undervotes":0,"Overvotes":0,"OutstackConditionIds":[7],"Marks":[{"CandidateId":326,"ManifestationId":4473,"PartyId":0,"Rank":1,"MarkDensity":100,"IsAmbiguous":false,"IsVote":false,"OutstackConditionIds":[7]}]}],"OutstackConditionIds":[]}]}}]}