{"Version":"5.17.18.1","ElectionId":"2024 General Election","Sessions":[{"TabulatorId":93207,"BatchId":2,"RecordId":7,"CountingGroupId":2,"ImageMask":"D:\\NAS\\2024 General Election\\Results\\Tabulator93207\\Batch002\\Images\\93207_00002_000007*.*","SessionType":"ScannedVote","VotingSessionIdentifier":"","UniqueVotingIdentifier":"","Original":{"PrecinctPortionId":432,"BallotTypeId":34,"IsCurrent":true,"Cards":[{"Id":1043,"KeyInId":1043,"PaperIndex":0,"Contests":[{"Id":4,"ManifestationId":624,"Undervotes":0,"Overvotes":0,"OutstackConditionIds":[11],"Marks":[{"CandidateId":542,"ManifestationId":4600,"PartyId":7,"Rank":1,"MarkDensity":100,"IsAmbiguous":false,"IsVote":true,"OutstackConditionIds":[]},{"CandidateId":554,"ManifestationId":4633,"PartyId":18,"Rank":5,"MarkDensity":100,"IsAmbiguous":false,"IsVote":true,"OutstackConditionIds":[]},{"CandidateId":543,"ManifestationId":4662,"PartyId":15,"Rank":8,"MarkDensity":100,"IsAmbiguous":false,"IsVote":true,"OutstackConditionIds":[]}]},{"Id":7,"ManifestationId":625,"Undervotes":0,"Overvotes":0,"OutstackConditionIds":[14],"Marks":[{"CandidateId":518,"ManifestationId":4663,"PartyId":7,"Rank":1,"MarkDensity":100,"IsAmbiguous":false,"IsVote":true,"OutstackConditionIds":[]}]},{"Id":23,"ManifestationId":626,"Undervotes":0,"Overvotes":0,"OutstackConditionIds":[7],"Marks":[{"CandidateId":377,"ManifestationId":4689,"PartyId":7,"Rank":1,"MarkDensity":100,"IsAmbiguous":false,"IsVote":false,"OutstackConditionIds":[7]},{"CandidateId":378,"ManifestationId":4691,"PartyId":15,"Rank":2,"MarkDensity":100,"IsAmbiguous":false,"IsVote":false,"OutstackConditionIds":[7]}]},{"Id":59,"ManifestationId":627,"Undervotes":0,"Overvotes":0,"OutstackConditionIds":[7],"Marks":[{"CandidateId":448,"ManifestationId":4698,"PartyId":15,"Rank":1,"MarkDensity":100,"IsAmbiguous":false,"IsVote":false,"OutstackConditionIds":[7]},{"CandidateId":447,"ManifestationId":4700,"PartyId":7,"Rank":2,"MarkDensity":100,"IsAmbiguous":false,"IsVote":false,"OutstackConditionIds":[7]}]},{"Id":68,"ManifestationId":628,"Undervotes":0,"Overvotes":0,"OutstackConditionIds":[],"Marks":[{"CandidateId":217,"ManifestationId":4706,"PartyId":0,"Rank":1,"MarkDensity":100,"IsAmbiguous":false,"IsVote":true,"OutstackConditionIds":[]}]},{"Id":69,"ManifestationId":629,"Undervotes":0,"Overvotes":0,"OutstackConditionIds":[],"Marks":[{"CandidateId":220,"ManifestationId":4709,"PartyId":0,"Rank":1,"MarkDensity":100,"IsAmbiguous":false,"IsVote":true,"OutstackConditionIds":[]}]},{"Id":71,"ManifestationId":630,"Undervotes":1,"Overvotes":0,"OutstackConditionIds":[4,6],"Marks":[]},{"Id":72,"ManifestationId":631,"Undervotes":1,"Overvotes":0,"OutstackConditionIds":[4,6],"Marks":[]},{"Id":76,"ManifestationId":632,"Undervotes":1,"Overvotes":0,"OutstackConditionIds":[4,6],"Marks":[]},{"Id":77,"ManifestationId":633,"Undervotes":1,"Overvotes":0,"OutstackConditionIds":[4,6],"Marks":[]},{"Id":129,"ManifestationId":634,"Undervotes":0,"Overvotes":0,"OutstackConditionIds":[7],"Marks":[]},{"Id":137,"ManifestationId":635,"Undervotes":0,"Overvotes":0,"OutstackConditionIds":[7],"Marks":[]},{"Id":138,"ManifestationId":636,"Undervotes":0,"Overvotes":0,"OutstackConditionIds":[7],"Marks":[]}],"OutstackConditionIds":[]}]}},{"TabulatorId":93207,"BatchId":2,"RecordId":3,"CountingGroupId":2,"ImageMask":"D:\\NAS\\2024 General Election\\Results\\Tabulator93207\\Batch002\\Images\\93207_00002_000003*.*","SessionType":"ScannedVote","VotingSessionIdentifier":"","UniqueVotingIdentifier":"","Original":{"PrecinctPortionId":432,"BallotTypeId":34,"IsCurrent":true,"Cards":[{"Id":1043,"KeyInId":1043,"PaperIndex":0,"Contests":[{"Id":4,"ManifestationId":624,"Undervotes":0,"Overvotes":0,"OutstackConditionIds":[],"Marks":[{"CandidateId":543,"ManifestationId":4606,"PartyId":15,"Rank":1,"MarkDensity":100,"IsAmbiguous":false,"IsVote":true,"OutstackConditionIds":[]},{"CandidateId":554,"ManifestationId":4609,"PartyId":18,"Rank":2,"MarkDensity":100,"IsAmbiguous":false,"IsVote":true,"OutstackConditionIds":[]},{"CandidateId":546,"ManifestationId":4621,"PartyId":5,"Rank":3,"MarkDensity":100,"IsAmbiguous":false,"IsVote":true,"OutstackConditionIds":[]},{"CandidateId":547,"ManifestationId":4627,"PartyId":19,"Rank":4,"MarkDensity":100,"IsAmbiguous":false,"IsVote":true,"OutstackConditionIds":[]},{"CandidateId":542,"ManifestationId":4632,"PartyId":7,"Rank":5,"MarkDensity":100,"IsAmbiguous":false,"IsVote":true,"OutstackConditionIds":[]},{"CandidateId":540,"ManifestationId":4642,"PartyId":10,"Rank":6,"MarkDensity":100,"IsAmbiguous":false,"IsVote":true,"OutstackConditionIds":[]},{"CandidateId":545,"ManifestationId":4652,"PartyId":18,"Rank":7,"MarkDensity":100,"IsAmbiguous":false,"IsVote":true,"OutstackConditionIds":[]},{"CandidateId":541,"ManifestationId":4655,"PartyId":6,"Rank":8,"MarkDensity":100,"IsAmbiguous":false,"IsVote":true,"OutstackConditionIds":[]}]},{"Id":7,"ManifestationId":625,"Undervotes":0,"Overvotes":0,"OutstackConditionIds":[14],"Marks":[{"CandidateId":517,"ManifestationId":4664,"PartyId":15,"Rank":1,"MarkDensity":100,"IsAmbiguous":false,"IsVote":true,"OutstackConditionIds":[]},{"CandidateId":552,"ManifestationId":4670,"PartyId":7,"Rank":2,"MarkDensity":100,"IsAmbiguous":false,"IsVote":true,"OutstackConditionIds":[]},{"CandidateId":518,"ManifestationId":4673,"PartyId":7,"Rank":3,"MarkDensity":100,"IsAmbiguous":false,"IsVote":true,"OutstackConditionIds":[]},{"CandidateId":520,"ManifestationId":4681,"PartyId":3,"Rank":4,"MarkDensity":100,"IsAmbiguous":false,"IsVote":true,"OutstackConditionIds":[]}]},{"Id":23,"ManifestationId":626,"Undervotes":0,"Overvotes":0,"OutstackConditionIds":[7],"Marks":[{"CandidateId":378,"ManifestationId":4688,"PartyId":15,"Rank":1,"MarkDensity":100,"IsAmbiguous":false,"IsVote":false,"OutstackConditionIds":[7]},{"CandidateId":377,"ManifestationId":4692,"PartyId":7,"Rank":2,"MarkDensity":100,"IsAmbiguous":false,"IsVote":false,"OutstackConditionIds":[7]}]},{"Id":59,"ManifestationId":627,"Undervotes":0,"Overvotes":0,"OutstackConditionIds":[7],"Marks":[{"CandidateId":448,"ManifestationId":4698,"PartyId":15,"Rank":1,"MarkDensity":100,"IsAmbiguous":false,"IsVote":false,"OutstackConditionIds":[7]},{"CandidateId":447,"ManifestationId":4700,"PartyId":7,"Rank":2,"MarkDensity":100,"IsAmbiguous":false,"IsVote":false,"OutstackConditionIds":[7]}]},{"Id":68,"ManifestationId":628,"Undervotes":0,"Overvotes":0,"OutstackConditionIds":[],"Marks":[{"CandidateId":218,"ManifestationId":4707,"PartyId":0,"Rank":1,"MarkDensity":100,"IsAmbiguous":false,"IsVote":true,"OutstackConditionIds":[]}]},{"Id":69,"ManifestationId":629,"Undervotes":0,"Overvotes":0,"OutstackConditionIds":[],"Marks":[{"CandidateId":219,"ManifestationId":4708,"PartyId":0,"Rank":1,"MarkDensity":100,"IsAmbiguous":false,"IsVote":true,"OutstackConditionIds":[]}]},{"Id":71,"ManifestationId":630,"Undervotes":0,"Overvotes":0,"OutstackConditionIds":[],"Marks":[{"CandidateId":223,"ManifestationId":4710,"PartyId":0,"Rank":1,"MarkDensity":100,"IsAmbiguous":false,"IsVote":true,"OutstackConditionIds":[]}]},{"Id":72,"ManifestationId":631,"Undervotes":0,"Overvotes":0,"OutstackConditionIds":[],"Marks":[{"CandidateId":225,"ManifestationId":4712,"PartyId":0,"Rank":1,"MarkDensity":100,"IsAmbiguous":false,"IsVote":true,"OutstackConditionIds":[]}]},{"Id":76,"ManifestationId":632,"Undervotes":0,"Overvotes":0,"OutstackConditionIds":[],"Marks":[{"CandidateId":233,"ManifestationId":4714,"PartyId":0,"Rank":1,"MarkDensity":100,"IsAmbiguous":false,"IsVote":true,"OutstackConditionIds":[]}]},{"Id":77,"ManifestationId":633,"Undervotes":0,"Overvotes":0,"OutstackConditionIds":[],"Marks":[{"CandidateId":235,"ManifestationId":4716,"PartyId":0,"Rank":1,"MarkDensity":100,"IsAmbiguous":false,"IsVote":true,"OutstackConditionIds":[]}]},{"Id":129,"ManifestationId":634,"Undervotes":0,"Overvotes":0,"OutstackConditionIds":[7],"Marks":[{"CandidateId":339,"ManifestationId":4718,"PartyId":0,"Rank":1,"MarkDensity":100,"IsAmbiguous":false,"IsVote":false,"OutstackConditionIds":[7]}]},{"Id":137,"ManifestationId":635,"Undervotes":0,"Overvotes":0,"OutstackConditionIds":[7],"Marks":[{"CandidateId":355,"ManifestationId":4720,"PartyId":0,"Rank":1,"MarkDensity":100,"IsAmbiguous":false,"IsVote":false,"OutstackConditionIds":[7]}]},{"Id":138,"ManifestationId":636,"Undervotes":0,"Overvotes":0,"OutstackConditionIds":[7],"Marks":[{"CandidateId":357,"ManifestationId":4722,"PartyId":0,"Rank":1,"MarkDensity":100,"IsAmbiguous":false,"IsVote":false,"OutstackConditionIds":[7]}]}],"OutstackConditionIds":[]}]}},{"TabulatorId":93207,"BatchId":2,"RecordId":6,"CountingGroupId":2,"ImageMask":"D:\\NAS\\2024 General Election\\Results\\Tabulator93207\\Batch002\\Images\\93207_00002_000006*.*","SessionType":"ScannedVote","VotingSessionIdentifier":"","UniqueVotingIdentifier":"","Original":{"PrecinctPortionId":432,"BallotTypeId":34,"IsCurrent":true,"Cards":[{"Id":1043,"KeyInId":1043,"PaperIndex":0,"Contests":[{"Id":4,"ManifestationId":624,"Undervotes":0,"Overvotes":0,"OutstackConditionIds":[14],"Marks":[{"CandidateId":543,"ManifestationId":4606,"PartyId":15,"Rank":1,"MarkDensity":100,"IsAmbiguous":false,"IsVote":true,"OutstackConditionIds":[]}]},{"Id":7,"ManifestationId":625,"Undervotes":0,"Overvotes":0,"OutstackConditionIds":[14],"Marks":[{"CandidateId":517,"ManifestationId":4664,"PartyId":15,"Rank":1,"MarkDensity":100,"IsAmbiguous":false,"IsVote":true,"OutstackConditionIds":[]}]},{"Id":23,"ManifestationId":626,"Undervotes":0,"Overvotes":0,"OutstackConditionIds":[7],"Marks":[{"CandidateId":378,"ManifestationId":4688,"PartyId":15,"Rank":1,"MarkDensity":100,"IsAmbiguous":false,"IsVote":false,"OutstackConditionIds":[7]}]},{"Id":59,"ManifestationId":627,"Undervotes":0,"Overvotes":0,"OutstackConditionIds":[7],"Marks":[{"CandidateId":448,"ManifestationId":4698,"PartyId":15,"Rank":1,"MarkDensity":100,"IsAmbiguous":false,"IsVote":false,"OutstackConditionIds":[7]}]},{"Id":68,"ManifestationId":628,"Undervotes":0,"Overvotes":0,"OutstackConditionIds":[],"Marks":[{"CandidateId":218,"ManifestationId":4707,"PartyId":0,"Rank":1,"MarkDensity":100,"IsAmbiguous":false,"IsVote":true,"OutstackConditionIds":[]}]},{"Id":69,"ManifestationId":629,"Undervotes":0,"Overvotes":0,"OutstackConditionIds":[],"Marks":[{"CandidateId":219,"ManifestationId":4708,"PartyId":0,"Rank":1,"MarkDensity":100,"IsAmbiguous":false,"IsVote":true,"OutstackConditionIds":[]}]},{"Id":71,"ManifestationId":630,"Undervotes":0,"Overvotes":0,"OutstackConditionIds":[],"Marks":[{"CandidateId":224,"ManifestationId":4711,"PartyId":0,"Rank":1,"MarkDensity":100,"IsAmbiguous":false,"IsVote":true,"OutstackConditionIds":[]}]},{"Id":72,"ManifestationId":631,"Undervotes":0,"Overvotes":0,"OutstackConditionIds":[],"Marks":[{"CandidateId":226,"ManifestationId":4713,"PartyId":0,"Rank":1,"MarkDensity":100,"IsAmbiguous":false,"IsVote":true,"OutstackConditionIds":[]}]},{"Id":76,"ManifestationId":632,"Undervotes":0,"Overvotes":0,"OutstackConditionIds":[],"Marks":[{"CandidateId":233,"ManifestationId":4714,"PartyId":0,"Rank":1,"MarkDensity":100,"IsAmbiguous":false,"IsVote":true,"OutstackConditionIds":[]}]},{"Id":77,"ManifestationId":633,"Undervotes":0,"Overvotes":0,"OutstackConditionIds":[],"Marks":[{"CandidateId":235,"ManifestationId":4716,"PartyId":0,"Rank":1,"MarkDensity":100,"IsAmbiguous":false,"IsVote":true,"OutstackConditionIds":[]}]},{"Id":129,"ManifestationId":634,"Undervotes":0,"Overvotes":0,"OutstackConditionIds":[7],"Marks":[{"CandidateId":340,"ManifestationId":4719,"PartyId":0,"Rank":1,"MarkDensity":100,"IsAmbiguous":false,"IsVote":false,"OutstackConditionIds":[7]}]},{"Id":137,"ManifestationId":635,"Undervotes":0,"Overvotes":0,"OutstackConditionIds":[7],"Marks":[{"CandidateId":356,"ManifestationId":4721,"PartyId":0,"Rank":1,"MarkDensity":100,"IsAmbiguous":false,"IsVote":false,"OutstackConditionIds":[7]}]},{"Id":138,"ManifestationId":636,"Undervotes":0,"Overvotes":0,"OutstackConditionIds":[7],"Marks":[{"CandidateId":357,"ManifestationId":4722,"PartyId":0,"Rank":1,"MarkDensity":100,"IsAmbiguous":false,"IsVote":false,"OutstackConditionIds":[7]}]}],"OutstackConditionIds":[]}]}},{"TabulatorId":93207,"BatchId":2,"RecordId":2,"CountingGroupId":2,"ImageMask":"D:\\NAS\\2024 General Election\\Results\\Tabulator93207\\Batch002\\Images\\93207_00002_000002*.*","SessionType":"ScannedVote","VotingSessionIdentifier":"","UniqueVotingIdentifier":"","Original":{"PrecinctPortionId":432,"BallotTypeId":34,"IsCurrent":true,"Cards":[{"Id":1043,"KeyInId":1043,"PaperIndex":0,"Contests":[{"Id":4,"ManifestationId":624,"Undervotes":0,"Overvotes":0,"OutstackConditionIds":[14],"Marks":[{"CandidateId":543,"ManifestationId":4606,"PartyId":15,"Rank":1,"MarkDensity":100,"IsAmbiguous":false,"IsVote":true,"OutstackConditionIds":[]}]},{"Id":7,"ManifestationId":625,"Undervotes":0,"Overvotes":0,"OutstackConditionIds":[14],"Marks":[{"CandidateId":517,"ManifestationId":4664,"PartyId":15,"Rank":1,"MarkDensity":100,"IsAmbiguous":false,"IsVote":true,"OutstackConditionIds":[]}]},{"Id":23,"ManifestationId":626,"Undervotes":0,"Overvotes":0,"OutstackConditionIds":[7],"Marks":[{"CandidateId":378,"ManifestationId":4688,"PartyId":15,"Rank":1,"MarkDensity":100,"IsAmbiguous":false,"IsVote":false,"OutstackConditionIds":[7]}]},{"Id":59,"ManifestationId":627,"Undervotes":0,"Overvotes":0,"OutstackConditionIds":[7],"Marks":[{"CandidateId":448,"ManifestationId":4698,"PartyId":15,"Rank":1,"MarkDensity":100,"IsAmbiguous":false,"IsVote":false,"OutstackConditionIds":[7]}]},{"Id":68,"ManifestationId":628,"Undervotes":0,"Overvotes":0,"OutstackConditionIds":[],"Marks":[{"CandidateId":218,"ManifestationId":4707,"PartyId":0,"Rank":1,"MarkDensity":100,"IsAmbiguous":false,"IsVote":true,"OutstackConditionIds":[]}]},{"Id":69,"ManifestationId":629,"Undervotes":0,"Overvotes":0,"OutstackConditionIds":[],"Marks":[{"CandidateId":219,"ManifestationId":4708,"PartyId":0,"Rank":1,"MarkDensity":100,"IsAmbiguous":false,"IsVote":true,"OutstackConditionIds":[]}]},{"Id":71,"ManifestationId":630,"Undervotes":1,"Overvotes":0,"OutstackConditionIds":[4,6],"Marks":[]},{"Id":72,"ManifestationId":631,"Undervotes":1,"Overvotes":0,"OutstackConditionIds":[4,6],"Marks":[]},{"Id":76,"ManifestationId":632,"Undervotes":1,"Overvotes":0,"OutstackConditionIds":[4,6],"Marks":[]},{"Id":77,"ManifestationId":633,"Undervotes":1,"Overvotes":0,"OutstackConditionIds":[4,6],"Marks":[]},{"Id":129,"ManifestationId":634,"Undervotes":0,"Overvotes":0,"OutstackConditionIds":[7],"Marks":[]},{"Id":137,"ManifestationId":635,"Undervotes":0,"Overvotes":0,"OutstackConditionIds":[7],"Marks":[]},{"Id":138,"ManifestationId":636,"Undervotes":0,"Overvotes":0,"OutstackConditionIds":[7],"Marks":[]}],"OutstackConditionIds":[]}]}},{"TabulatorId":93207,"BatchId":2,"RecordId":5,"CountingGroupId":2,"ImageMask":"D:\\NAS\\2024 General Election\\Results\\Tabulator93207\\Batch002\\Images\\93207_00002_000005*.*","SessionType":"ScannedVote","VotingSessionIdentifier":"","UniqueVotingIdentifier":"","Original":{"PrecinctPortionId":432,"BallotTypeId":34,"IsCurrent":true,"Cards":[{"Id":1043,"KeyInId":1043,"PaperIndex":0,"Contests":[{"Id":4,"ManifestationId":624,"Undervotes":0,"Overvotes":0,"OutstackConditionIds":[14],"Marks":[{"CandidateId":542,"ManifestationId":4600,"PartyId":7,"Rank":1,"MarkDensity":100,"IsAmbiguous":false,"IsVote":true,"OutstackConditionIds":[]}]},{"Id":7,"ManifestationId":625,"Undervotes":0,"Overvotes":0,"OutstackConditionIds":[14],"Marks":[{"CandidateId":518,"ManifestationId":4663,"PartyId":7,"Rank":1,"MarkDensity":100,"IsAmbiguous":false,"IsVote":true,"OutstackConditionIds":[]},{"CandidateId":552,"ManifestationId":4670,"PartyId":7,"Rank":2,"MarkDensity":100,"IsAmbiguous":false,"IsVote":true,"OutstackConditionIds":[]},{"CandidateId":520,"ManifestationId":4676,"PartyId":3,"Rank":3,"MarkDensity":100,"IsAmbiguous":false,"IsVote":true,"OutstackConditionIds":[]}]},{"Id":23,"ManifestationId":626,"Undervotes":0,"Overvotes":0,"OutstackConditionIds":[7],"Marks":[{"CandidateId":377,"ManifestationId":4689,"PartyId":7,"Rank":1,"MarkDensity":100,"IsAmbiguous":false,"IsVote":false,"OutstackConditionIds":[7]},{"CandidateId":378,"ManifestationId":4691,"PartyId":15,"Rank":2,"MarkDensity":100,"IsAmbiguous":false,"IsVote":false,"OutstackConditionIds":[7]}]},{"Id":59,"ManifestationId":627,"Undervotes":0,"Overvotes":0,"OutstackConditionIds":[7],"Marks":[{"CandidateId":447,"ManifestationId":4697,"PartyId":7,"Rank":1,"MarkDensity":100,"IsAmbiguous":false,"IsVote":false,"OutstackConditionIds":[7]},{"CandidateId":448,"ManifestationId":4701,"PartyId":15,"Rank":2,"MarkDensity":100,"IsAmbiguous":false,"IsVote":false,"OutstackConditionIds":[7]}]},{"Id":68,"ManifestationId":628,"Undervotes":0,"Overvotes":0,"OutstackConditionIds":[],"Marks":[{"CandidateId":218,"ManifestationId":4707,"PartyId":0,"Rank":1,"MarkDensity":100,"IsAmbiguous":false,"IsVote":true,"OutstackConditionIds":[]}]},{"Id":69,"ManifestationId":629,"Undervotes":0,"Overvotes":0,"OutstackConditionIds":[],"Marks":[{"CandidateId":220,"ManifestationId":4709,"PartyId":0,"Rank":1,"MarkDensity":100,"IsAmbiguous":false,"IsVote":true,"OutstackConditionIds":[]}]},{"Id":71,"ManifestationId":630,"Undervotes":0,"Overvotes":0,"OutstackConditionIds":[],"Marks":[{"CandidateId":224,"ManifestationId":4711,"PartyId":0,"Rank":1,"MarkDensity":100,"IsAmbiguous":false,"IsVote":true,"OutstackConditionIds":[]}]},{"Id":72,"ManifestationId":631,"Undervotes":0,"Overvotes":0,"OutstackConditionIds":[],"Marks":[{"CandidateId":226,"ManifestationId":4713,"PartyId":0,"Rank":1,"MarkDensity":100,"IsAmbiguous":false,"IsVote":true,"OutstackConditionIds":[]}]},{"Id":76,"ManifestationId":632,"Undervotes":0,"Overvotes":0,"OutstackConditionIds":[],"Marks":[{"CandidateId":234,"ManifestationId":4715,"PartyId":0,"Rank":1,"MarkDensity":100,"IsAmbiguous":false,"IsVote":true,"OutstackConditionIds":[]}]},{"Id":77,"ManifestationId":633,"Undervotes":0,"Overvotes":0,"OutstackConditionIds":[],"Marks":[{"CandidateId":236,"ManifestationId":4717,"PartyId":0,"Rank":1,"MarkDensity":100,"IsAmbiguous":false,"IsVote":true,"OutstackConditionIds":[]}]},{"Id":129,"ManifestationId":634,"Undervotes":0,"Overvotes":0,"OutstackConditionIds":[7],"Marks":[{"CandidateId":340,"ManifestationId":4719,"PartyId":0,"Rank":1,"MarkDensity":100,"IsAmbiguous":false,"IsVote":false,"OutstackConditionIds":[7]}]},{"Id":137,"ManifestationId":635,"Undervotes":0,"Overvotes":0,"OutstackConditionIds":[7],"Marks":[{"CandidateId":356,"ManifestationId":4721,"PartyId":0,"Rank":1,"MarkDensity":100,"IsAmbiguous":false,"IsVote":false,"OutstackConditionIds":[7]}]},{"Id":138,"ManifestationId":636,"Undervotes":0,"Overvotes":0,"OutstackConditionIds":[7],"Marks":[{"CandidateId":358,"ManifestationId":4723,"PartyId":0,"Rank":1,"MarkDensity":100,"IsAmbiguous":false,"IsVote":false,"OutstackConditionIds":[7]}]}],"OutstackConditionIds":[]}]}},{"TabulatorId":93207,"BatchId":2,"RecordId":10,"CountingGroupId":2,"ImageMask":"D:\\NAS\\2024 General Election\\Results\\Tabulator93207\\Batch002\\Images\\93207_00002_000010*.*","SessionType":"ScannedVote","VotingSessionIdentifier":"","UniqueVotingIdentifier":"","Original":{"PrecinctPortionId":432,"BallotTypeId":34,"IsCurrent":true,"Cards":[{"Id":1043,"KeyInId":1043,"PaperIndex":0,"Contests":[{"Id":4,"ManifestationId":624,"Undervotes":0,"Overvotes":0,"OutstackConditionIds":[14],"Marks":[{"CandidateId":543,"ManifestationId":4606,"PartyId":15,"Rank":1,"MarkDensity":100,"IsAmbiguous":false,"IsVote":true,"OutstackConditionIds":[]},{"CandidateId":554,"ManifestationId":4609,"PartyId":18,"Rank":2,"MarkDensity":100,"IsAmbiguous":false,"IsVote":true,"OutstackConditionIds":[]}]},{"Id":7,"ManifestationId":625,"Undervotes":0,"Overvotes":0,"OutstackConditionIds":[14],"Marks":[{"CandidateId":517,"ManifestationId":4664,"PartyId":15,"Rank":1,"MarkDensity":100,"IsAmbiguous":false,"IsVote":true,"OutstackConditionIds":[]}]},{"Id":23,"ManifestationId":626,"Undervotes":0,"Overvotes":0,"OutstackConditionIds":[7],"Marks":[{"CandidateId":378,"ManifestationId":4688,"PartyId":15,"Rank":1,"MarkDensity":100,"IsAmbiguous":false,"IsVote":false,"OutstackConditionIds":[7]}]},{"Id":59,"ManifestationId":627,"Undervotes":0,"Overvotes":0,"OutstackConditionIds":[7],"Marks":[{"CandidateId":448,"ManifestationId":4698,"PartyId":15,"Rank":1,"MarkDensity":100,"IsAmbiguous":false,"IsVote":false,"OutstackConditionIds":[7]}]},{"Id":68,"ManifestationId":628,"Undervotes":0,"Overvotes":0,"OutstackConditionIds":[],"Marks":[{"CandidateId":217,"ManifestationId":4706,"PartyId":0,"Rank":1,"MarkDensity":100,"IsAmbiguous":false,"IsVote":true,"OutstackConditionIds":[]}]},{"Id":69,"ManifestationId":629,"Undervotes":0,"Overvotes":0,"OutstackConditionIds":[],"Marks":[{"CandidateId":219,"ManifestationId":4708,"PartyId":0,"Rank":1,"MarkDensity":100,"IsAmbiguous":false,"IsVote":true,"OutstackConditionIds":[]}]},{"Id":71,"ManifestationId":630,"Undervotes":0,"Overvotes":0,"OutstackConditionIds":[],"Marks":[{"CandidateId":223,"ManifestationId":4710,"PartyId":0,"Rank":1,"MarkDensity":100,"IsAmbiguous":false,"IsVote":true,"OutstackConditionIds":[]}]},{"Id":72,"ManifestationId":631,"Undervotes":0,"Overvotes":0,"OutstackConditionIds":[],"Marks":[{"CandidateId":225,"ManifestationId":4712,"PartyId":0,"Rank":1,"MarkDensity":100,"IsAmbiguous":false,"IsVote":true,"OutstackConditionIds":[]}]},{"Id":76,"ManifestationId":632,"Undervotes":0,"Overvotes":0,"OutstackConditionIds":[],"Marks":[{"CandidateId":233,"ManifestationId":4714,"PartyId":0,"Rank":1,"MarkDensity":100,"IsAmbiguous":false,"IsVote":true,"OutstackConditionIds":[]}]},{"Id":77,"ManifestationId":633,"Undervotes":0,"Overvotes":0,"OutstackConditionIds":[],"Marks":[{"CandidateId":235,"ManifestationId":4716,"PartyId":0,"Rank":1,"MarkDensity":100,"IsAmbiguous":false,"IsVote":true,"OutstackConditionIds":[]}]},{"Id":129,"ManifestationId":634,"Undervotes":0,"Overvotes":0,"OutstackConditionIds":[7],"Marks":[{"CandidateId":339,"ManifestationId":4718,"PartyId":0,"Rank":1,"MarkDensity":100,"IsAmbiguous":false,"IsVote":false,"OutstackConditionIds":[7]}]},{"Id":137,"ManifestationId":635,"Undervotes":0,"Overvotes":0,"OutstackConditionIds":[7],"Marks":[{"CandidateId":355,"ManifestationId":4720,"PartyId":0,"Rank":1,"MarkDensity":100,"IsAmbiguous":false,"IsVote":false,"OutstackConditionIds":[7]}]},{"Id":138,"ManifestationId":636,"Undervotes":0,"Overvotes":0,"OutstackConditionIds":[7],"Marks":[{"CandidateId":357,"ManifestationId":4722,"PartyId":0,"Rank":1,"MarkDensity":100,"IsAmbiguous":false,"IsVote":false,"OutstackConditionIds":[7]}]}],"OutstackConditionIds":[]}]}},{"TabulatorId":93207,"BatchId":2,"RecordId":9,"CountingGroupId":2,"ImageMask":"D:\\NAS\\2024 General Election\\Results\\Tabulator93207\\Batch002\\Images\\93207_00002_000009*.*","SessionType":"ScannedVote","VotingSessionIdentifier":"","UniqueVotingIdentifier":"","Original":{"PrecinctPortionId":432,"BallotTypeId":34,"IsCurrent":true,"Cards":[{"Id":1043,"KeyInId":1043,"PaperIndex":0,"Contests":[{"Id":4,"ManifestationId":624,"Undervotes":0,"Overvotes":0,"OutstackConditionIds":[14],"Marks":[{"CandidateId":543,"ManifestationId":4606,"PartyId":15,"Rank":1,"MarkDensity":100,"IsAmbiguous":false,"IsVote":true,"OutstackConditionIds":[]}]},{"Id":7,"ManifestationId":625,"Undervotes":0,"Overvotes":0,"OutstackConditionIds":[14],"Marks":[{"CandidateId":517,"ManifestationId":4664,"PartyId":15,"Rank":1,"MarkDensity":100,"IsAmbiguous":false,"IsVote":true,"OutstackConditionIds":[]}]},{"Id":23,"ManifestationId":626,"Undervotes":0,"Overvotes":0,"OutstackConditionIds":[7],"Marks":[{"CandidateId":378,"ManifestationId":4688,"PartyId":15,"Rank":1,"MarkDensity":100,"IsAmbiguous":false,"IsVote":false,"OutstackConditionIds":[7]}]},{"Id":59,"ManifestationId":627,"Undervotes":0,"Overvotes":0,"OutstackConditionIds":[7],"Marks":[{"CandidateId":448,"ManifestationId":4698,"PartyId":15,"Rank":1,"MarkDensity":100,"IsAmbiguous":false,"IsVote":false,"OutstackConditionIds":[7]}]},{"Id":68,"ManifestationId":628,"Undervotes":0,"Overvotes":0,"OutstackConditionIds":[],"Marks":[{"CandidateId":218,"ManifestationId":4707,"PartyId":0,"Rank":1,"MarkDensity":100,"IsAmbiguous":false,"IsVote":true,"OutstackConditionIds":[]}]},{"Id":69,"ManifestationId":629,"Undervotes":0,"Overvotes":0,"OutstackConditionIds":[],"Marks":[{"CandidateId":219,"ManifestationId":4708,"PartyId":0,"Rank":1,"MarkDensity":100,"IsAmbiguous":false,"IsVote":true,"OutstackConditionIds":[]}]},{"Id":71,"ManifestationId":630,"Undervotes":0,"Overvotes":0,"OutstackConditionIds":[],"Marks":[{"CandidateId":224,"ManifestationId":4711,"PartyId":0,"Rank":1,"MarkDensity":100,"IsAmbiguous":false,"IsVote":true,"OutstackConditionIds":[]}]},{"Id":72,"ManifestationId":631,"Undervotes":0,"Overvotes":0,"OutstackConditionIds":[],"Marks":[{"CandidateId":226,"ManifestationId":4713,"PartyId":0,"Rank":1,"MarkDensity":100,"IsAmbiguous":false,"IsVote":true,"OutstackConditionIds":[]}]},{"Id":76,"ManifestationId":632,"Undervotes":0,"Overvotes":0,"OutstackConditionIds":[],"Marks":[{"CandidateId":234,"ManifestationId":4715,"PartyId":0,"Rank":1,"MarkDensity":100,"IsAmbiguous":false,"IsVote":true,"OutstackConditionIds":[]}]},{"Id":77,"ManifestationId":633,"Undervotes":0,"Overvotes":0,"OutstackConditionIds":[],"Marks":[{"CandidateId":236,"ManifestationId":4717,"PartyId":0,"Rank":1,"MarkDensity":100,"IsAmbiguous":false,"IsVote":true,"OutstackConditionIds":[]}]},{"Id":129,"ManifestationId":634,"Undervotes":0,"Overvotes":0,"OutstackConditionIds":[7],"Marks":[{"CandidateId":340,"ManifestationId":4719,"PartyId":0,"Rank":1,"MarkDensity":100,"IsAmbiguous":false,"IsVote":false,"OutstackConditionIds":[7]}]},{"Id":137,"ManifestationId":635,"Undervotes":0,"Overvotes":0,"OutstackConditionIds":[7],"Marks":[{"CandidateId":356,"ManifestationId":4721,"PartyId":0,"Rank":1,"MarkDensity":100,"IsAmbiguous":false,"IsVote":false,"OutstackConditionIds":[7]}]},{"Id":138,"ManifestationId":636,"Undervotes":0,"Overvotes":0,"OutstackConditionIds":[7],"Marks":[{"CandidateId":358,"ManifestationId":4723,"PartyId":0,"Rank":1,"MarkDensity":100,"IsAmbiguous":false,"IsVote":false,"OutstackConditionIds":[7]}]}],"OutstackConditionIds":[]}]}},{"TabulatorId":93207,"BatchId":2,"RecordId":1,"CountingGroupId":2,"ImageMask":"D:\\NAS\\2024 General Election\\Results\\Tabulator93207\\Batch002\\Images\\93207_00002_000001*.*","SessionType":"ScannedVote","VotingSessionIdentifier":"","UniqueVotingIdentifier":"","Original":{"PrecinctPortionId":432,"BallotTypeId":34,"IsCurrent":true,"Cards":[{"Id":1043,"KeyInId":1043,"PaperIndex":0,"Contests":[{"Id":4,"ManifestationId":624,"Undervotes":0,"Overvotes":0,"OutstackConditionIds":[14],"Marks":[{"CandidateId":545,"ManifestationId":4604,"PartyId":18,"Rank":1,"MarkDensity":100,"IsAmbiguous":false,"IsVote":true,"OutstackConditionIds":[]}]},{"Id":7,"ManifestationId":625,"Undervotes":0,"Overvotes":0,"OutstackConditionIds":[14],"Marks":[{"CandidateId":518,"ManifestationId":4663,"PartyId":7,"Rank":1,"MarkDensity":100,"IsAmbiguous":false,"IsVote":true,"OutstackConditionIds":[]}]},{"Id":23,"ManifestationId":626,"Undervotes":0,"Overvotes":0,"OutstackConditionIds":[7],"Marks":[{"CandidateId":377,"ManifestationId":4689,"PartyId":7,"Rank":1,"MarkDensity":100,"IsAmbiguous":false,"IsVote":false,"OutstackConditionIds":[7]}]},{"Id":59,"ManifestationId":627,"Undervotes":0,"Overvotes":0,"OutstackConditionIds":[7],"Marks":[{"CandidateId":448,"ManifestationId":4698,"PartyId":15,"Rank":1,"MarkDensity":100,"IsAmbiguous":false,"IsVote":false,"OutstackConditionIds":[7]}]},{"Id":68,"ManifestationId":628,"Undervotes":0,"Overvotes":0,"OutstackConditionIds":[],"Marks":[{"CandidateId":217,"ManifestationId":4706,"PartyId":0,"Rank":1,"MarkDensity":100,"IsAmbiguous":false,"IsVote":true,"OutstackConditionIds":[]}]},{"Id":69,"ManifestationId":629,"Undervotes":0,"Overvotes":0,"OutstackConditionIds":[],"Marks":[{"CandidateId":220,"ManifestationId":4709,"PartyId":0,"Rank":1,"MarkDensity":100,"IsAmbiguous":false,"IsVote":true,"OutstackConditionIds":[]}]},{"Id":71,"ManifestationId":630,"Undervotes":1,"Overvotes":0,"OutstackConditionIds":[4,6],"Marks":[]},{"Id":72,"ManifestationId":631,"Undervotes":1,"Overvotes":0,"OutstackConditionIds":[4,6],"Marks":[]},{"Id":76,"ManifestationId":632,"Undervotes":1,"Overvotes":0,"OutstackConditionIds":[4,6],"Marks":[]},{"Id":77,"ManifestationId":633,"Undervotes":1,"Overvotes":0,"OutstackConditionIds":[4,6],"Marks":[]},{"Id":129,"ManifestationId":634,"Undervotes":0,"Overvotes":0,"OutstackConditionIds":[7],"Marks":[]},{"Id":137,"ManifestationId":635,"Undervotes":0,"Overvotes":0,"OutstackConditionIds":[7],"Marks":[]},{"Id":138,"ManifestationId":636,"Undervotes":0,"Overvotes":0,"OutstackConditionIds":[7],"Marks":[]}],"OutstackConditionIds":[]}]}},{"TabulatorId":93207,"BatchId":2,"RecordId":8,"CountingGroupId":2,"ImageMask":"D:\\NAS\\2024 General Election\\Results\\Tabulator93207\\Batch002\\Images\\93207_00002_000008*.*","SessionType":"ScannedVote","VotingSessionIdentifier":"","UniqueVotingIdentifier":"","Original":{"PrecinctPortionId":432,"BallotTypeId":34,"IsCurrent":true,"Cards":[{"Id":1043,"KeyInId":1043,"PaperIndex":0,"Contests":[{"Id":4,"ManifestationId":624,"Undervotes":0,"Overvotes":0,"OutstackConditionIds":[14],"Marks":[{"CandidateId":543,"ManifestationId":4606,"PartyId":15,"Rank":1,"MarkDensity":100,"IsAmbiguous":false,"IsVote":true,"OutstackConditionIds":[]}]},{"Id":7,"ManifestationId":625,"Undervotes":0,"Overvotes":0,"OutstackConditionIds":[14],"Marks":[{"CandidateId":517,"ManifestationId":4664,"PartyId":15,"Rank":1,"MarkDensity":100,"IsAmbiguous":false,"IsVote":true,"OutstackConditionIds":[]}]},{"Id":23,"ManifestationId":626,"Undervotes":0,"Overvotes":0,"OutstackConditionIds":[7],"Marks":[{"CandidateId":378,"ManifestationId":4688,"PartyId":15,"Rank":1,"MarkDensity":100,"IsAmbiguous":false,"IsVote":false,"OutstackConditionIds":[7]}]},{"Id":59,"ManifestationId":627,"Undervotes":0,"Overvotes":0,"OutstackConditionIds":[7],"Marks":[{"CandidateId":448,"ManifestationId":4698,"PartyId":15,"Rank":1,"MarkDensity":100,"IsAmbiguous":false,"IsVote":false,"OutstackConditionIds":[7]}]},{"Id":68,"ManifestationId":628,"Undervotes":0,"Overvotes":0,"OutstackConditionIds":[],"Marks":[{"CandidateId":217,"ManifestationId":4706,"PartyId":0,"Rank":1,"MarkDensity":100,"IsAmbiguous":false,"IsVote":true,"OutstackConditionIds":[]}]},{"Id":69,"ManifestationId":629,"Undervotes":0,"Overvotes":0,"OutstackConditionIds":[],"Marks":[{"CandidateId":219,"ManifestationId":4708,"PartyId":0,"Rank":1,"MarkDensity":100,"IsAmbiguous":false,"IsVote":true,"OutstackConditionIds":[]}]},{"Id":71,"ManifestationId":630,"Undervotes":1,"Overvotes":0,"OutstackConditionIds":[4,6],"Marks":[]},{"Id":72,"ManifestationId":631,"Undervotes":1,"Overvotes":0,"OutstackConditionIds":[4,6],"Marks":[]},{"Id":76,"ManifestationId":632,"Undervotes":1,"Overvotes":0,"OutstackConditionIds":[4,6],"Marks":[]},{"Id":77,"ManifestationId":633,"Undervotes":1,"Overvotes":0,"OutstackConditionIds":[4,6],"Marks":[]},{"Id":129,"ManifestationId":634,"Undervotes":0,"Overvotes":0,"OutstackConditionIds":[7],"Marks":[]},{"Id":137,"ManifestationId":635,"Undervotes":0,"Overvotes":0,"OutstackConditionIds":[7],"Marks":[]},{"Id":138,"ManifestationId":636,"Undervotes":0,"Overvotes":0,"OutstackConditionIds":[7],"Marks":[]}],"OutstackConditionIds":[]}]}},{"TabulatorId":93207,"BatchId":2,"RecordId":4,"CountingGroupId":2,"ImageMask":"D:\\NAS\\2024 General Election\\Results\\Tabulator93207\\Batch002\\Images\\93207_00002_000004*.*","SessionType":"ScannedVote","VotingSessionIdentifier":"","UniqueVotingIdentifier":"","Original":{"PrecinctPortionId":432,"BallotTypeId":34,"IsCurrent":true,"Cards":[{"Id":1043,"KeyInId":1043,"PaperIndex":0,"Contests":[{"Id":4,"ManifestationId":624,"Undervotes":0,"Overvotes":0,"OutstackConditionIds":[14],"Marks":[{"CandidateId":543,"ManifestationId":4606,"PartyId":15,"Rank":1,"MarkDensity":100,"IsAmbiguous":false,"IsVote":true,"OutstackConditionIds":[]}]},{"Id":7,"ManifestationId":625,"Undervotes":0,"Overvotes":0,"OutstackConditionIds":[14],"Marks":[{"CandidateId":517,"ManifestationId":4664,"PartyId":15,"Rank":1,"MarkDensity":100,"IsAmbiguous":false,"IsVote":true,"OutstackConditionIds":[]}]},{"Id":23,"ManifestationId":626,"Undervotes":0,"Overvotes":0,"OutstackConditionIds":[7],"Marks":[{"CandidateId":378,"ManifestationId":4688,"PartyId":15,"Rank":1,"MarkDensity":100,"IsAmbiguous":false,"IsVote":false,"OutstackConditionIds":[7]}]},{"Id":59,"ManifestationId":627,"Undervotes":0,"Overvotes":0,"OutstackConditionIds":[7],"Marks":[{"CandidateId":448,"ManifestationId":4698,"PartyId":15,"Rank":1,"MarkDensity":100,"IsAmbiguous":false,"IsVote":false,"OutstackConditionIds":[7]}]},{"Id":68,"ManifestationId":628,"Undervotes":0,"Overvotes":0,"OutstackConditionIds":[],"Marks":[{"CandidateId":217,"ManifestationId":4706,"PartyId":0,"Rank":1,"MarkDensity":100,"IsAmbiguous":false,"IsVote":true,"OutstackConditionIds":[]}]},{"Id":69,"ManifestationId":629,"Undervotes":0,"Overvotes":0,"OutstackConditionIds":[],"Marks":[{"CandidateId":220,"ManifestationId":4709,"PartyId":0,"Rank":1,"MarkDensity":100,"IsAmbiguous":false,"IsVote":true,"OutstackConditionIds":[]}]},{"Id":71,"ManifestationId":630,"Undervotes":0,"Overvotes":0,"OutstackConditionIds":[],"Marks":[{"CandidateId":224,"ManifestationId":4711,"PartyId":0,"Rank":1,"MarkDensity":100,"IsAmbiguous":false,"IsVote":true,"OutstackConditionIds":[]}]},{"Id":72,"ManifestationId":631,"Undervotes":0,"Overvotes":0,"OutstackConditionIds":[],"Marks":[{"CandidateId":226,"ManifestationId":4713,"PartyId":0,"Rank":1,"MarkDensity":100,"IsAmbiguous":false,"IsVote":true,"OutstackConditionIds":[]}]},{"Id":76,"ManifestationId":632,"Undervotes":0,"Overvotes":0,"OutstackConditionIds":[],"Marks":[{"CandidateId":234,"ManifestationId":4715,"PartyId":0,"Rank":1,"MarkDensity":100,"IsAmbiguous":false,"IsVote":true,"OutstackConditionIds":[]}]},{"Id":77,"ManifestationId":633,"Undervotes":0,"Overvotes":0,"OutstackConditionIds":[],"Marks":[{"CandidateId":236,"ManifestationId":4717,"PartyId":0,"Rank":1,"MarkDensity":100,"IsAmbiguous":false,"IsVote":true,"OutstackConditionIds":[]}]},{"Id":129,"ManifestationId":634,"Undervotes":0,"Overvotes":0,"OutstackConditionIds":[7],"Marks":[{"CandidateId":340,"ManifestationId":4719,"PartyId":0,"Rank":1,"MarkDensity":100,"IsAmbiguous":false,"IsVote":false,"OutstackConditionIds":[7]}]},{"Id":137,"ManifestationId":635,"Undervotes":0,"Overvotes":0,"OutstackConditionIds":[7],"Marks":[{"CandidateId":356,"ManifestationId":4721,"PartyId":0,"Rank":1,"MarkDensity":100,"IsAmbiguous":false,"IsVote":false,"OutstackConditionIds":[7]}]},{"Id":138,"ManifestationId":636,"Undervotes":0,"Overvotes":0,"OutstackConditionIds":[7],"Marks":[{"CandidateId":358,"ManifestationId":4723,"PartyId":0,"Rank":1,"MarkDensity":100,"IsAmbiguous":false,"IsVote":false,"OutstackConditionIds":[7]}]}],"OutstackConditionIds":[]}]}}]}