{"Version":"5.17.18.1","ElectionId":"2024 General Election","Sessions":[{"TabulatorId":93207,"BatchId":1,"RecordId":9,"CountingGroupId":2,"ImageMask":"D:\\NAS\\2024 General Election\\Results\\Tabulator93207\\Batch001\\Images\\93207_00001_000009*.*","SessionType":"ScannedVote","VotingSessionIdentifier":"","UniqueVotingIdentifier":"","Original":{"PrecinctPortionId":431,"BallotTypeId":33,"IsCurrent":true,"Cards":[{"Id":1042,"KeyInId":1042,"PaperIndex":0,"Contests":[{"Id":4,"ManifestationId":611,"Undervotes":0,"Overvotes":0,"OutstackConditionIds":[],"Marks":[{"CandidateId":543,"ManifestationId":4474,"PartyId":15,"Rank":1,"MarkDensity":100,"IsAmbiguous":false,"IsVote":true,"OutstackConditionIds":[]},{"CandidateId":554,"ManifestationId":4485,"PartyId":18,"Rank":2,"MarkDensity":100,"IsAmbiguous":false,"IsVote":true,"OutstackConditionIds":[]},{"CandidateId":546,"ManifestationId":4497,"PartyId":5,"Rank":3,"MarkDensity":100,"IsAmbiguous":false,"IsVote":true,"OutstackConditionIds":[]},{"CandidateId":540,"ManifestationId":4502,"PartyId":10,"Rank":4,"MarkDensity":100,"IsAmbiguous":false,"IsVote":true,"OutstackConditionIds":[]},{"CandidateId":545,"ManifestationId":4512,"PartyId":18,"Rank":5,"MarkDensity":100,"IsAmbiguous":false,"IsVote":true,"OutstackConditionIds":[]},{"CandidateId":547,"ManifestationId":4519,"PartyId":19,"Rank":6,"MarkDensity":100,"IsAmbiguous":false,"IsVote":true,"OutstackConditionIds":[]},{"CandidateId":541,"ManifestationId":4523,"PartyId":6,"Rank":7,"MarkDensity":100,"IsAmbiguous":false,"IsVote":true,"OutstackConditionIds":[]},{"CandidateId":542,"ManifestationId":4532,"PartyId":7,"Rank":8,"MarkDensity":100,"IsAmbiguous":false,"IsVote":true,"OutstackConditionIds":[]}]},{"Id":7,"ManifestationId":612,"Undervotes":0,"Overvotes":0,"OutstackConditionIds":[14],"Marks":[{"CandidateId":517,"ManifestationId":4540,"PartyId":15,"Rank":1,"MarkDensity":100,"IsAmbiguous":false,"IsVote":true,"OutstackConditionIds":[]},{"CandidateId":520,"ManifestationId":4543,"PartyId":3,"Rank":2,"MarkDensity":100,"IsAmbiguous":false,"IsVote":true,"OutstackConditionIds":[]},{"CandidateId":518,"ManifestationId":4549,"PartyId":7,"Rank":3,"MarkDensity":100,"IsAmbiguous":false,"IsVote":true,"OutstackConditionIds":[]},{"CandidateId":552,"ManifestationId":4556,"PartyId":7,"Rank":4,"MarkDensity":100,"IsAmbiguous":false,"IsVote":true,"OutstackConditionIds":[]}]},{"Id":23,"ManifestationId":613,"Undervotes":0,"Overvotes":0,"OutstackConditionIds":[7],"Marks":[{"CandidateId":378,"ManifestationId":4564,"PartyId":15,"Rank":1,"MarkDensity":100,"IsAmbiguous":false,"IsVote":false,"OutstackConditionIds":[7]},{"CandidateId":377,"ManifestationId":4566,"PartyId":7,"Rank":2,"MarkDensity":100,"IsAmbiguous":false,"IsVote":false,"OutstackConditionIds":[7]}]},{"Id":58,"ManifestationId":614,"Undervotes":0,"Overvotes":0,"OutstackConditionIds":[7],"Marks":[{"CandidateId":445,"ManifestationId":4572,"PartyId":15,"Rank":1,"MarkDensity":100,"IsAmbiguous":false,"IsVote":false,"OutstackConditionIds":[7]},{"CandidateId":446,"ManifestationId":4576,"PartyId":7,"Rank":2,"MarkDensity":100,"IsAmbiguous":false,"IsVote":false,"OutstackConditionIds":[7]}]},{"Id":68,"ManifestationId":615,"Undervotes":0,"Overvotes":0,"OutstackConditionIds":[],"Marks":[{"CandidateId":218,"ManifestationId":4582,"PartyId":0,"Rank":1,"MarkDensity":100,"IsAmbiguous":false,"IsVote":true,"OutstackConditionIds":[]}]},{"Id":69,"ManifestationId":616,"Undervotes":0,"Overvotes":0,"OutstackConditionIds":[],"Marks":[{"CandidateId":219,"ManifestationId":4583,"PartyId":0,"Rank":1,"MarkDensity":100,"IsAmbiguous":false,"IsVote":true,"OutstackConditionIds":[]}]},{"Id":71,"ManifestationId":617,"Undervotes":0,"Overvotes":0,"OutstackConditionIds":[],"Marks":[{"CandidateId":223,"ManifestationId":4585,"PartyId":0,"Rank":1,"MarkDensity":100,"IsAmbiguous":false,"IsVote":true,"OutstackConditionIds":[]}]},{"Id":72,"ManifestationId":618,"Undervotes":0,"Overvotes":0,"OutstackConditionIds":[],"Marks":[{"CandidateId":225,"ManifestationId":4587,"PartyId":0,"Rank":1,"MarkDensity":100,"IsAmbiguous":false,"IsVote":true,"OutstackConditionIds":[]}]},{"Id":76,"ManifestationId":619,"Undervotes":0,"Overvotes":0,"OutstackConditionIds":[],"Marks":[{"CandidateId":233,"ManifestationId":4589,"PartyId":0,"Rank":1,"MarkDensity":100,"IsAmbiguous":false,"IsVote":true,"OutstackConditionIds":[]}]},{"Id":77,"ManifestationId":620,"Undervotes":0,"Overvotes":0,"OutstackConditionIds":[],"Marks":[{"CandidateId":235,"ManifestationId":4591,"PartyId":0,"Rank":1,"MarkDensity":100,"IsAmbiguous":false,"IsVote":true,"OutstackConditionIds":[]}]},{"Id":129,"ManifestationId":621,"Undervotes":0,"Overvotes":0,"OutstackConditionIds":[7],"Marks":[{"CandidateId":340,"ManifestationId":4594,"PartyId":0,"Rank":1,"MarkDensity":100,"IsAmbiguous":false,"IsVote":false,"OutstackConditionIds":[7]}]},{"Id":137,"ManifestationId":622,"Undervotes":0,"Overvotes":0,"OutstackConditionIds":[7],"Marks":[{"CandidateId":355,"ManifestationId":4595,"PartyId":0,"Rank":1,"MarkDensity":100,"IsAmbiguous":false,"IsVote":false,"OutstackConditionIds":[7]}]},{"Id":138,"ManifestationId":623,"Undervotes":0,"Overvotes":0,"OutstackConditionIds":[7],"Marks":[{"CandidateId":357,"ManifestationId":4597,"PartyId":0,"Rank":1,"MarkDensity":100,"IsAmbiguous":false,"IsVote":false,"OutstackConditionIds":[7]}]}],"OutstackConditionIds":[]}]}},{"TabulatorId":93207,"BatchId":1,"RecordId":13,"CountingGroupId":2,"ImageMask":"D:\\NAS\\2024 General Election\\Results\\Tabulator93207\\Batch001\\Images\\93207_00001_000013*.*","SessionType":"ScannedVote","VotingSessionIdentifier":"","UniqueVotingIdentifier":"","Original":{"PrecinctPortionId":431,"BallotTypeId":33,"IsCurrent":true,"Cards":[{"Id":1042,"KeyInId":1042,"PaperIndex":0,"Contests":[{"Id":4,"ManifestationId":611,"Undervotes":0,"Overvotes":0,"OutstackConditionIds":[],"Marks":[{"CandidateId":542,"ManifestationId":4476,"PartyId":7,"Rank":1,"MarkDensity":100,"IsAmbiguous":false,"IsVote":true,"OutstackConditionIds":[]},{"CandidateId":542,"ManifestationId":4484,"PartyId":7,"Rank":2,"MarkDensity":100,"IsAmbiguous":false,"IsVote":true,"OutstackConditionIds":[12]},{"CandidateId":542,"ManifestationId":4492,"PartyId":7,"Rank":3,"MarkDensity":100,"IsAmbiguous":false,"IsVote":true,"OutstackConditionIds":[12]},{"CandidateId":542,"ManifestationId":4500,"PartyId":7,"Rank":4,"MarkDensity":100,"IsAmbiguous":false,"IsVote":true,"OutstackConditionIds":[12]},{"CandidateId":542,"ManifestationId":4508,"PartyId":7,"Rank":5,"MarkDensity":100,"IsAmbiguous":false,"IsVote":true,"OutstackConditionIds":[12]},{"CandidateId":542,"ManifestationId":4516,"PartyId":7,"Rank":6,"MarkDensity":100,"IsAmbiguous":false,"IsVote":true,"OutstackConditionIds":[12]},{"CandidateId":542,"ManifestationId":4524,"PartyId":7,"Rank":7,"MarkDensity":100,"IsAmbiguous":false,"IsVote":true,"OutstackConditionIds":[12]},{"CandidateId":542,"ManifestationId":4532,"PartyId":7,"Rank":8,"MarkDensity":100,"IsAmbiguous":false,"IsVote":true,"OutstackConditionIds":[12]}]},{"Id":7,"ManifestationId":612,"Undervotes":0,"Overvotes":0,"OutstackConditionIds":[14],"Marks":[{"CandidateId":518,"ManifestationId":4539,"PartyId":7,"Rank":1,"MarkDensity":100,"IsAmbiguous":false,"IsVote":true,"OutstackConditionIds":[]}]},{"Id":23,"ManifestationId":613,"Undervotes":0,"Overvotes":0,"OutstackConditionIds":[7],"Marks":[{"CandidateId":377,"ManifestationId":4563,"PartyId":7,"Rank":1,"MarkDensity":100,"IsAmbiguous":false,"IsVote":false,"OutstackConditionIds":[7]}]},{"Id":58,"ManifestationId":614,"Undervotes":0,"Overvotes":0,"OutstackConditionIds":[7],"Marks":[]},{"Id":68,"ManifestationId":615,"Undervotes":0,"Overvotes":0,"OutstackConditionIds":[],"Marks":[{"CandidateId":217,"ManifestationId":4581,"PartyId":0,"Rank":1,"MarkDensity":100,"IsAmbiguous":false,"IsVote":true,"OutstackConditionIds":[]}]},{"Id":69,"ManifestationId":616,"Undervotes":0,"Overvotes":0,"OutstackConditionIds":[],"Marks":[{"CandidateId":219,"ManifestationId":4583,"PartyId":0,"Rank":1,"MarkDensity":100,"IsAmbiguous":false,"IsVote":true,"OutstackConditionIds":[]}]},{"Id":71,"ManifestationId":617,"Undervotes":1,"Overvotes":0,"OutstackConditionIds":[4,6],"Marks":[]},{"Id":72,"ManifestationId":618,"Undervotes":1,"Overvotes":0,"OutstackConditionIds":[4,6],"Marks":[]},{"Id":76,"ManifestationId":619,"Undervotes":1,"Overvotes":0,"OutstackConditionIds":[4,6],"Marks":[]},{"Id":77,"ManifestationId":620,"Undervotes":1,"Overvotes":0,"OutstackConditionIds":[4,6],"Marks":[]},{"Id":129,"ManifestationId":621,"Undervotes":0,"Overvotes":0,"OutstackConditionIds":[7],"Marks":[]},{"Id":137,"ManifestationId":622,"Undervotes":0,"Overvotes":0,"OutstackConditionIds":[7],"Marks":[]},{"Id":138,"ManifestationId":623,"Undervotes":0,"Overvotes":0,"OutstackConditionIds":[7],"Marks":[]}],"OutstackConditionIds":[]}]}},{"TabulatorId":93207,"BatchId":1,"RecordId":3,"CountingGroupId":2,"ImageMask":"D:\\NAS\\2024 General Election\\Results\\Tabulator93207\\Batch001\\Images\\93207_00001_000003*.*","SessionType":"ScannedVote","VotingSessionIdentifier":"","UniqueVotingIdentifier":"","Original":{"PrecinctPortionId":431,"BallotTypeId":33,"IsCurrent":true,"Cards":[{"Id":1042,"KeyInId":1042,"PaperIndex":0,"Contests":[{"Id":4,"ManifestationId":611,"Undervotes":0,"Overvotes":0,"OutstackConditionIds":[14],"Marks":[{"CandidateId":542,"ManifestationId":4476,"PartyId":7,"Rank":1,"MarkDensity":100,"IsAmbiguous":false,"IsVote":true,"OutstackConditionIds":[]}]},{"Id":7,"ManifestationId":612,"Undervotes":0,"Overvotes":0,"OutstackConditionIds":[14],"Marks":[{"CandidateId":518,"ManifestationId":4539,"PartyId":7,"Rank":1,"MarkDensity":100,"IsAmbiguous":false,"IsVote":true,"OutstackConditionIds":[]}]},{"Id":23,"ManifestationId":613,"Undervotes":0,"Overvotes":0,"OutstackConditionIds":[7],"Marks":[{"CandidateId":377,"ManifestationId":4563,"PartyId":7,"Rank":1,"MarkDensity":100,"IsAmbiguous":false,"IsVote":false,"OutstackConditionIds":[7]}]},{"Id":58,"ManifestationId":614,"Undervotes":0,"Overvotes":0,"OutstackConditionIds":[7],"Marks":[{"CandidateId":446,"ManifestationId":4573,"PartyId":7,"Rank":1,"MarkDensity":100,"IsAmbiguous":false,"IsVote":false,"OutstackConditionIds":[7]}]},{"Id":68,"ManifestationId":615,"Undervotes":0,"Overvotes":0,"OutstackConditionIds":[],"Marks":[{"CandidateId":217,"ManifestationId":4581,"PartyId":0,"Rank":1,"MarkDensity":100,"IsAmbiguous":false,"IsVote":true,"OutstackConditionIds":[]}]},{"Id":69,"ManifestationId":616,"Undervotes":0,"Overvotes":0,"OutstackConditionIds":[],"Marks":[{"CandidateId":219,"ManifestationId":4583,"PartyId":0,"Rank":1,"MarkDensity":100,"IsAmbiguous":false,"IsVote":true,"OutstackConditionIds":[]}]},{"Id":71,"ManifestationId":617,"Undervotes":0,"Overvotes":0,"OutstackConditionIds":[],"Marks":[{"CandidateId":223,"ManifestationId":4585,"PartyId":0,"Rank":1,"MarkDensity":100,"IsAmbiguous":false,"IsVote":true,"OutstackConditionIds":[]}]},{"Id":72,"ManifestationId":618,"Undervotes":0,"Overvotes":0,"OutstackConditionIds":[],"Marks":[{"CandidateId":225,"ManifestationId":4587,"PartyId":0,"Rank":1,"MarkDensity":100,"IsAmbiguous":false,"IsVote":true,"OutstackConditionIds":[]}]},{"Id":76,"ManifestationId":619,"Undervotes":0,"Overvotes":0,"OutstackConditionIds":[],"Marks":[{"CandidateId":233,"ManifestationId":4589,"PartyId":0,"Rank":1,"MarkDensity":100,"IsAmbiguous":false,"IsVote":true,"OutstackConditionIds":[]}]},{"Id":77,"ManifestationId":620,"Undervotes":0,"Overvotes":0,"OutstackConditionIds":[],"Marks":[{"CandidateId":236,"ManifestationId":4592,"PartyId":0,"Rank":1,"MarkDensity":100,"IsAmbiguous":false,"IsVote":true,"OutstackConditionIds":[]}]},{"Id":129,"ManifestationId":621,"Undervotes":0,"Overvotes":0,"OutstackConditionIds":[7],"Marks":[{"CandidateId":340,"ManifestationId":4594,"PartyId":0,"Rank":1,"MarkDensity":100,"IsAmbiguous":false,"IsVote":false,"OutstackConditionIds":[7]}]},{"Id":137,"ManifestationId":622,"Undervotes":0,"Overvotes":0,"OutstackConditionIds":[7],"Marks":[{"CandidateId":356,"ManifestationId":4596,"PartyId":0,"Rank":1,"MarkDensity":100,"IsAmbiguous":false,"IsVote":false,"OutstackConditionIds":[7]}]},{"Id":138,"ManifestationId":623,"Undervotes":0,"Overvotes":0,"OutstackConditionIds":[7],"Marks":[{"CandidateId":357,"ManifestationId":4597,"PartyId":0,"Rank":1,"MarkDensity":100,"IsAmbiguous":false,"IsVote":false,"OutstackConditionIds":[7]}]}],"OutstackConditionIds":[]}]}},{"TabulatorId":93207,"BatchId":1,"RecordId":5,"CountingGroupId":2,"ImageMask":"D:\\NAS\\2024 General Election\\Results\\Tabulator93207\\Batch001\\Images\\93207_00001_000005*.*","SessionType":"ScannedVote","VotingSessionIdentifier":"","UniqueVotingIdentifier":"","Original":{"PrecinctPortionId":431,"BallotTypeId":33,"IsCurrent":true,"Cards":[{"Id":1042,"KeyInId":1042,"PaperIndex":0,"Contests":[{"Id":4,"ManifestationId":611,"Undervotes":0,"Overvotes":0,"OutstackConditionIds":[14],"Marks":[{"CandidateId":543,"ManifestationId":4474,"PartyId":15,"Rank":1,"MarkDensity":100,"IsAmbiguous":false,"IsVote":true,"OutstackConditionIds":[]},{"CandidateId":554,"ManifestationId":4485,"PartyId":18,"Rank":2,"MarkDensity":100,"IsAmbiguous":false,"IsVote":true,"OutstackConditionIds":[]},{"CandidateId":540,"ManifestationId":4494,"PartyId":10,"Rank":3,"MarkDensity":100,"IsAmbiguous":false,"IsVote":true,"OutstackConditionIds":[]}]},{"Id":7,"ManifestationId":612,"Undervotes":0,"Overvotes":0,"OutstackConditionIds":[14],"Marks":[{"CandidateId":517,"ManifestationId":4540,"PartyId":15,"Rank":1,"MarkDensity":100,"IsAmbiguous":false,"IsVote":true,"OutstackConditionIds":[]},{"CandidateId":520,"ManifestationId":4543,"PartyId":3,"Rank":2,"MarkDensity":100,"IsAmbiguous":false,"IsVote":true,"OutstackConditionIds":[]}]},{"Id":23,"ManifestationId":613,"Undervotes":0,"Overvotes":0,"OutstackConditionIds":[7],"Marks":[{"CandidateId":378,"ManifestationId":4564,"PartyId":15,"Rank":1,"MarkDensity":100,"IsAmbiguous":false,"IsVote":false,"OutstackConditionIds":[7]}]},{"Id":58,"ManifestationId":614,"Undervotes":0,"Overvotes":0,"OutstackConditionIds":[7],"Marks":[{"CandidateId":445,"ManifestationId":4572,"PartyId":15,"Rank":1,"MarkDensity":100,"IsAmbiguous":false,"IsVote":false,"OutstackConditionIds":[7]}]},{"Id":68,"ManifestationId":615,"Undervotes":0,"Overvotes":0,"OutstackConditionIds":[],"Marks":[{"CandidateId":217,"ManifestationId":4581,"PartyId":0,"Rank":1,"MarkDensity":100,"IsAmbiguous":false,"IsVote":true,"OutstackConditionIds":[]}]},{"Id":69,"ManifestationId":616,"Undervotes":0,"Overvotes":0,"OutstackConditionIds":[],"Marks":[{"CandidateId":220,"ManifestationId":4584,"PartyId":0,"Rank":1,"MarkDensity":100,"IsAmbiguous":false,"IsVote":true,"OutstackConditionIds":[]}]},{"Id":71,"ManifestationId":617,"Undervotes":0,"Overvotes":0,"OutstackConditionIds":[],"Marks":[{"CandidateId":223,"ManifestationId":4585,"PartyId":0,"Rank":1,"MarkDensity":100,"IsAmbiguous":false,"IsVote":true,"OutstackConditionIds":[]}]},{"Id":72,"ManifestationId":618,"Undervotes":0,"Overvotes":0,"OutstackConditionIds":[],"Marks":[{"CandidateId":225,"ManifestationId":4587,"PartyId":0,"Rank":1,"MarkDensity":100,"IsAmbiguous":false,"IsVote":true,"OutstackConditionIds":[]}]},{"Id":76,"ManifestationId":619,"Undervotes":0,"Overvotes":0,"OutstackConditionIds":[],"Marks":[{"CandidateId":233,"ManifestationId":4589,"PartyId":0,"Rank":1,"MarkDensity":100,"IsAmbiguous":false,"IsVote":true,"OutstackConditionIds":[]}]},{"Id":77,"ManifestationId":620,"Undervotes":0,"Overvotes":0,"OutstackConditionIds":[],"Marks":[{"CandidateId":235,"ManifestationId":4591,"PartyId":0,"Rank":1,"MarkDensity":100,"IsAmbiguous":false,"IsVote":true,"OutstackConditionIds":[]}]},{"Id":129,"ManifestationId":621,"Undervotes":0,"Overvotes":0,"OutstackConditionIds":[7],"Marks":[{"CandidateId":340,"ManifestationId":4594,"PartyId":0,"Rank":1,"MarkDensity":100,"IsAmbiguous":false,"IsVote":false,"OutstackConditionIds":[7]}]},{"Id":137,"ManifestationId":622,"Undervotes":0,"Overvotes":0,"OutstackConditionIds":[7],"Marks":[{"CandidateId":355,"ManifestationId":4595,"PartyId":0,"Rank":1,"MarkDensity":100,"IsAmbiguous":false,"IsVote":false,"OutstackConditionIds":[7]}]},{"Id":138,"ManifestationId":623,"Undervotes":0,"Overvotes":0,"OutstackConditionIds":[7],"Marks":[{"CandidateId":357,"ManifestationId":4597,"PartyId":0,"Rank":1,"MarkDensity":100,"IsAmbiguous":false,"IsVote":false,"OutstackConditionIds":[7]}]}],"OutstackConditionIds":[]}]}},{"TabulatorId":93207,"BatchId":1,"RecordId":6,"CountingGroupId":2,"ImageMask":"D:\\NAS\\2024 General Election\\Results\\Tabulator93207\\Batch001\\Images\\93207_00001_000006*.*","SessionType":"ScannedVote","VotingSessionIdentifier":"","UniqueVotingIdentifier":"","Original":{"PrecinctPortionId":431,"BallotTypeId":33,"IsCurrent":true,"Cards":[{"Id":1042,"KeyInId":1042,"PaperIndex":0,"Contests":[{"Id":4,"ManifestationId":611,"Undervotes":0,"Overvotes":0,"OutstackConditionIds":[],"Marks":[{"CandidateId":542,"ManifestationId":4476,"PartyId":7,"Rank":1,"MarkDensity":100,"IsAmbiguous":false,"IsVote":true,"OutstackConditionIds":[]},{"CandidateId":541,"ManifestationId":4483,"PartyId":6,"Rank":2,"MarkDensity":100,"IsAmbiguous":false,"IsVote":true,"OutstackConditionIds":[]},{"CandidateId":540,"ManifestationId":4494,"PartyId":10,"Rank":3,"MarkDensity":100,"IsAmbiguous":false,"IsVote":true,"OutstackConditionIds":[]},{"CandidateId":547,"ManifestationId":4503,"PartyId":19,"Rank":4,"MarkDensity":100,"IsAmbiguous":false,"IsVote":true,"OutstackConditionIds":[]},{"CandidateId":546,"ManifestationId":4513,"PartyId":5,"Rank":5,"MarkDensity":100,"IsAmbiguous":false,"IsVote":true,"OutstackConditionIds":[]},{"CandidateId":545,"ManifestationId":4520,"PartyId":18,"Rank":6,"MarkDensity":100,"IsAmbiguous":false,"IsVote":true,"OutstackConditionIds":[]},{"CandidateId":554,"ManifestationId":4525,"PartyId":18,"Rank":7,"MarkDensity":100,"IsAmbiguous":false,"IsVote":true,"OutstackConditionIds":[]},{"CandidateId":543,"ManifestationId":4530,"PartyId":15,"Rank":8,"MarkDensity":100,"IsAmbiguous":false,"IsVote":true,"OutstackConditionIds":[]}]},{"Id":7,"ManifestationId":612,"Undervotes":0,"Overvotes":0,"OutstackConditionIds":[],"Marks":[{"CandidateId":518,"ManifestationId":4539,"PartyId":7,"Rank":1,"MarkDensity":100,"IsAmbiguous":false,"IsVote":true,"OutstackConditionIds":[]},{"CandidateId":552,"ManifestationId":4546,"PartyId":7,"Rank":2,"MarkDensity":100,"IsAmbiguous":false,"IsVote":true,"OutstackConditionIds":[]},{"CandidateId":520,"ManifestationId":4548,"PartyId":3,"Rank":3,"MarkDensity":100,"IsAmbiguous":false,"IsVote":true,"OutstackConditionIds":[]},{"CandidateId":476,"ManifestationId":4557,"Rank":4,"WriteinIndex":0,"MarkDensity":100,"WriteinDensity":100,"IsAmbiguous":false,"IsVote":true,"OutstackConditionIds":[1]},{"CandidateId":476,"ManifestationId":4562,"Rank":5,"WriteinIndex":0,"MarkDensity":100,"WriteinDensity":100,"IsAmbiguous":false,"IsVote":true,"OutstackConditionIds":[1,12]}]},{"Id":23,"ManifestationId":613,"Undervotes":0,"Overvotes":0,"OutstackConditionIds":[7],"Marks":[{"CandidateId":377,"ManifestationId":4563,"PartyId":7,"Rank":1,"MarkDensity":100,"IsAmbiguous":false,"IsVote":false,"OutstackConditionIds":[7]},{"CandidateId":467,"ManifestationId":4568,"Rank":2,"WriteinIndex":0,"MarkDensity":100,"WriteinDensity":100,"IsAmbiguous":false,"IsVote":false,"OutstackConditionIds":[7]},{"CandidateId":378,"ManifestationId":4570,"PartyId":15,"Rank":3,"MarkDensity":100,"IsAmbiguous":false,"IsVote":false,"OutstackConditionIds":[7]}]},{"Id":58,"ManifestationId":614,"Undervotes":0,"Overvotes":0,"OutstackConditionIds":[7],"Marks":[{"CandidateId":446,"ManifestationId":4573,"PartyId":7,"Rank":1,"MarkDensity":100,"IsAmbiguous":false,"IsVote":false,"OutstackConditionIds":[7]},{"CandidateId":506,"ManifestationId":4577,"Rank":2,"WriteinIndex":0,"MarkDensity":100,"WriteinDensity":100,"IsAmbiguous":false,"IsVote":false,"OutstackConditionIds":[7]},{"CandidateId":445,"ManifestationId":4578,"PartyId":15,"Rank":3,"MarkDensity":100,"IsAmbiguous":false,"IsVote":false,"OutstackConditionIds":[7]}]},{"Id":68,"ManifestationId":615,"Undervotes":0,"Overvotes":0,"OutstackConditionIds":[],"Marks":[{"CandidateId":217,"ManifestationId":4581,"PartyId":0,"Rank":1,"MarkDensity":100,"IsAmbiguous":false,"IsVote":true,"OutstackConditionIds":[]}]},{"Id":69,"ManifestationId":616,"Undervotes":0,"Overvotes":0,"OutstackConditionIds":[],"Marks":[{"CandidateId":220,"ManifestationId":4584,"PartyId":0,"Rank":1,"MarkDensity":100,"IsAmbiguous":false,"IsVote":true,"OutstackConditionIds":[]}]},{"Id":71,"ManifestationId":617,"Undervotes":0,"Overvotes":0,"OutstackConditionIds":[],"Marks":[{"CandidateId":224,"ManifestationId":4586,"PartyId":0,"Rank":1,"MarkDensity":100,"IsAmbiguous":false,"IsVote":true,"OutstackConditionIds":[]}]},{"Id":72,"ManifestationId":618,"Undervotes":0,"Overvotes":0,"OutstackConditionIds":[],"Marks":[{"CandidateId":226,"ManifestationId":4588,"PartyId":0,"Rank":1,"MarkDensity":100,"IsAmbiguous":false,"IsVote":true,"OutstackConditionIds":[]}]},{"Id":76,"ManifestationId":619,"Undervotes":0,"Overvotes":0,"OutstackConditionIds":[],"Marks":[{"CandidateId":234,"ManifestationId":4590,"PartyId":0,"Rank":1,"MarkDensity":100,"IsAmbiguous":false,"IsVote":true,"OutstackConditionIds":[]}]},{"Id":77,"ManifestationId":620,"Undervotes":0,"Overvotes":0,"OutstackConditionIds":[],"Marks":[{"CandidateId":236,"ManifestationId":4592,"PartyId":0,"Rank":1,"MarkDensity":100,"IsAmbiguous":false,"IsVote":true,"OutstackConditionIds":[]}]},{"Id":129,"ManifestationId":621,"Undervotes":0,"Overvotes":0,"OutstackConditionIds":[7],"Marks":[{"CandidateId":340,"ManifestationId":4594,"PartyId":0,"Rank":1,"MarkDensity":100,"IsAmbiguous":false,"IsVote":false,"OutstackConditionIds":[7]}]},{"Id":137,"ManifestationId":622,"Undervotes":0,"Overvotes":0,"OutstackConditionIds":[7],"Marks":[{"CandidateId":356,"ManifestationId":4596,"PartyId":0,"Rank":1,"MarkDensity":100,"IsAmbiguous":false,"IsVote":false,"OutstackConditionIds":[7]}]},{"Id":138,"ManifestationId":623,"Undervotes":0,"Overvotes":0,"OutstackConditionIds":[7],"Marks":[{"CandidateId":358,"ManifestationId":4598,"PartyId":0,"Rank":1,"MarkDensity":100,"IsAmbiguous":false,"IsVote":false,"OutstackConditionIds":[7]}]}],"OutstackConditionIds":[]}]}},{"TabulatorId":93207,"BatchId":1,"RecordId":14,"CountingGroupId":2,"ImageMask":"D:\\NAS\\2024 General Election\\Results\\Tabulator93207\\Batch001\\Images\\93207_00001_000014*.*","SessionType":"ScannedVote","VotingSessionIdentifier":"","UniqueVotingIdentifier":"","Original":{"PrecinctPortionId":431,"BallotTypeId":33,"IsCurrent":true,"Cards":[{"Id":1042,"KeyInId":1042,"PaperIndex":0,"Contests":[{"Id":4,"ManifestationId":611,"Undervotes":0,"Overvotes":0,"OutstackConditionIds":[],"Marks":[{"CandidateId":542,"ManifestationId":4476,"PartyId":7,"Rank":1,"MarkDensity":100,"IsAmbiguous":false,"IsVote":true,"OutstackConditionIds":[]},{"CandidateId":554,"ManifestationId":4485,"PartyId":18,"Rank":2,"MarkDensity":100,"IsAmbiguous":false,"IsVote":true,"OutstackConditionIds":[]},{"CandidateId":541,"ManifestationId":4491,"PartyId":6,"Rank":3,"MarkDensity":100,"IsAmbiguous":false,"IsVote":true,"OutstackConditionIds":[]},{"CandidateId":545,"ManifestationId":4504,"PartyId":18,"Rank":4,"MarkDensity":100,"IsAmbiguous":false,"IsVote":true,"OutstackConditionIds":[]},{"CandidateId":547,"ManifestationId":4511,"PartyId":19,"Rank":5,"MarkDensity":100,"IsAmbiguous":false,"IsVote":true,"OutstackConditionIds":[]},{"CandidateId":540,"ManifestationId":4518,"PartyId":10,"Rank":6,"MarkDensity":100,"IsAmbiguous":false,"IsVote":true,"OutstackConditionIds":[]},{"CandidateId":546,"ManifestationId":4529,"PartyId":5,"Rank":7,"MarkDensity":100,"IsAmbiguous":false,"IsVote":true,"OutstackConditionIds":[]},{"CandidateId":543,"ManifestationId":4530,"PartyId":15,"Rank":8,"MarkDensity":100,"IsAmbiguous":false,"IsVote":true,"OutstackConditionIds":[]}]},{"Id":7,"ManifestationId":612,"Undervotes":1,"Overvotes":0,"OutstackConditionIds":[11],"Marks":[{"CandidateId":520,"ManifestationId":4543,"PartyId":3,"Rank":2,"MarkDensity":100,"IsAmbiguous":false,"IsVote":true,"OutstackConditionIds":[]},{"CandidateId":518,"ManifestationId":4549,"PartyId":7,"Rank":3,"MarkDensity":100,"IsAmbiguous":false,"IsVote":true,"OutstackConditionIds":[]},{"CandidateId":517,"ManifestationId":4555,"PartyId":15,"Rank":4,"MarkDensity":100,"IsAmbiguous":false,"IsVote":true,"OutstackConditionIds":[]},{"CandidateId":552,"ManifestationId":4561,"PartyId":7,"Rank":5,"MarkDensity":100,"IsAmbiguous":false,"IsVote":true,"OutstackConditionIds":[]}]},{"Id":23,"ManifestationId":613,"Undervotes":0,"Overvotes":0,"OutstackConditionIds":[7],"Marks":[{"CandidateId":377,"ManifestationId":4563,"PartyId":7,"Rank":1,"MarkDensity":100,"IsAmbiguous":false,"IsVote":false,"OutstackConditionIds":[7]},{"CandidateId":378,"ManifestationId":4567,"PartyId":15,"Rank":2,"MarkDensity":100,"IsAmbiguous":false,"IsVote":false,"OutstackConditionIds":[7]}]},{"Id":58,"ManifestationId":614,"Undervotes":0,"Overvotes":0,"OutstackConditionIds":[7],"Marks":[{"CandidateId":446,"ManifestationId":4573,"PartyId":7,"Rank":1,"MarkDensity":100,"IsAmbiguous":false,"IsVote":false,"OutstackConditionIds":[7]},{"CandidateId":445,"ManifestationId":4575,"PartyId":15,"Rank":2,"MarkDensity":100,"IsAmbiguous":false,"IsVote":false,"OutstackConditionIds":[7]}]},{"Id":68,"ManifestationId":615,"Undervotes":0,"Overvotes":0,"OutstackConditionIds":[],"Marks":[{"CandidateId":217,"ManifestationId":4581,"PartyId":0,"Rank":1,"MarkDensity":100,"IsAmbiguous":false,"IsVote":true,"OutstackConditionIds":[]}]},{"Id":69,"ManifestationId":616,"Undervotes":0,"Overvotes":0,"OutstackConditionIds":[],"Marks":[{"CandidateId":220,"ManifestationId":4584,"PartyId":0,"Rank":1,"MarkDensity":100,"IsAmbiguous":false,"IsVote":true,"OutstackConditionIds":[]}]},{"Id":71,"ManifestationId":617,"Undervotes":0,"Overvotes":0,"OutstackConditionIds":[],"Marks":[{"CandidateId":224,"ManifestationId":4586,"PartyId":0,"Rank":1,"MarkDensity":100,"IsAmbiguous":false,"IsVote":true,"OutstackConditionIds":[]}]},{"Id":72,"ManifestationId":618,"Undervotes":0,"Overvotes":0,"OutstackConditionIds":[],"Marks":[{"CandidateId":225,"ManifestationId":4587,"PartyId":0,"Rank":1,"MarkDensity":100,"IsAmbiguous":false,"IsVote":true,"OutstackConditionIds":[]}]},{"Id":76,"ManifestationId":619,"Undervotes":0,"Overvotes":0,"OutstackConditionIds":[],"Marks":[{"CandidateId":233,"ManifestationId":4589,"PartyId":0,"Rank":1,"MarkDensity":100,"IsAmbiguous":false,"IsVote":true,"OutstackConditionIds":[]}]},{"Id":77,"ManifestationId":620,"Undervotes":0,"Overvotes":0,"OutstackConditionIds":[],"Marks":[{"CandidateId":235,"ManifestationId":4591,"PartyId":0,"Rank":1,"MarkDensity":100,"IsAmbiguous":false,"IsVote":true,"OutstackConditionIds":[]}]},{"Id":129,"ManifestationId":621,"Undervotes":0,"Overvotes":0,"OutstackConditionIds":[7],"Marks":[{"CandidateId":339,"ManifestationId":4593,"PartyId":0,"Rank":1,"MarkDensity":100,"IsAmbiguous":false,"IsVote":false,"OutstackConditionIds":[7]}]},{"Id":137,"ManifestationId":622,"Undervotes":0,"Overvotes":0,"OutstackConditionIds":[7],"Marks":[{"CandidateId":356,"ManifestationId":4596,"PartyId":0,"Rank":1,"MarkDensity":100,"IsAmbiguous":false,"IsVote":false,"OutstackConditionIds":[7]}]},{"Id":138,"ManifestationId":623,"Undervotes":0,"Overvotes":0,"OutstackConditionIds":[7],"Marks":[{"CandidateId":357,"ManifestationId":4597,"PartyId":0,"Rank":1,"MarkDensity":100,"IsAmbiguous":false,"IsVote":false,"OutstackConditionIds":[7]}]}],"OutstackConditionIds":[]}]}},{"TabulatorId":93207,"BatchId":1,"RecordId":4,"CountingGroupId":2,"ImageMask":"D:\\NAS\\2024 General Election\\Results\\Tabulator93207\\Batch001\\Images\\93207_00001_000004*.*","SessionType":"ScannedVote","VotingSessionIdentifier":"","UniqueVotingIdentifier":"","Original":{"PrecinctPortionId":431,"BallotTypeId":33,"IsCurrent":true,"Cards":[{"Id":1042,"KeyInId":1042,"PaperIndex":0,"Contests":[{"Id":4,"ManifestationId":611,"Undervotes":0,"Overvotes":0,"OutstackConditionIds":[14],"Marks":[{"CandidateId":543,"ManifestationId":4474,"PartyId":15,"Rank":1,"MarkDensity":100,"IsAmbiguous":false,"IsVote":true,"OutstackConditionIds":[]}]},{"Id":7,"ManifestationId":612,"Undervotes":0,"Overvotes":0,"OutstackConditionIds":[14],"Marks":[{"CandidateId":517,"ManifestationId":4540,"PartyId":15,"Rank":1,"MarkDensity":100,"IsAmbiguous":false,"IsVote":true,"OutstackConditionIds":[]}]},{"Id":23,"ManifestationId":613,"Undervotes":0,"Overvotes":0,"OutstackConditionIds":[7],"Marks":[]},{"Id":58,"ManifestationId":614,"Undervotes":0,"Overvotes":0,"OutstackConditionIds":[7],"Marks":[]},{"Id":68,"ManifestationId":615,"Undervotes":0,"Overvotes":0,"OutstackConditionIds":[],"Marks":[{"CandidateId":218,"ManifestationId":4582,"PartyId":0,"Rank":1,"MarkDensity":100,"IsAmbiguous":false,"IsVote":true,"OutstackConditionIds":[]}]},{"Id":69,"ManifestationId":616,"Undervotes":0,"Overvotes":0,"OutstackConditionIds":[],"Marks":[{"CandidateId":219,"ManifestationId":4583,"PartyId":0,"Rank":1,"MarkDensity":100,"IsAmbiguous":false,"IsVote":true,"OutstackConditionIds":[]}]},{"Id":71,"ManifestationId":617,"Undervotes":1,"Overvotes":0,"OutstackConditionIds":[4,6],"Marks":[]},{"Id":72,"ManifestationId":618,"Undervotes":1,"Overvotes":0,"OutstackConditionIds":[4,6],"Marks":[]},{"Id":76,"ManifestationId":619,"Undervotes":1,"Overvotes":0,"OutstackConditionIds":[4,6],"Marks":[]},{"Id":77,"ManifestationId":620,"Undervotes":1,"Overvotes":0,"OutstackConditionIds":[4,6],"Marks":[]},{"Id":129,"ManifestationId":621,"Undervotes":0,"Overvotes":0,"OutstackConditionIds":[7],"Marks":[]},{"Id":137,"ManifestationId":622,"Undervotes":0,"Overvotes":0,"OutstackConditionIds":[7],"Marks":[]},{"Id":138,"ManifestationId":623,"Undervotes":0,"Overvotes":0,"OutstackConditionIds":[7],"Marks":[]}],"OutstackConditionIds":[]}]}},{"TabulatorId":93207,"BatchId":1,"RecordId":17,"CountingGroupId":2,"ImageMask":"D:\\NAS\\2024 General Election\\Results\\Tabulator93207\\Batch001\\Images\\93207_00001_000017*.*","SessionType":"ScannedVote","VotingSessionIdentifier":"","UniqueVotingIdentifier":"","Original":{"PrecinctPortionId":431,"BallotTypeId":33,"IsCurrent":true,"Cards":[{"Id":1042,"KeyInId":1042,"PaperIndex":0,"Contests":[{"Id":4,"ManifestationId":611,"Undervotes":0,"Overvotes":0,"OutstackConditionIds":[14],"Marks":[{"CandidateId":543,"ManifestationId":4474,"PartyId":15,"Rank":1,"MarkDensity":100,"IsAmbiguous":false,"IsVote":true,"OutstackConditionIds":[]},{"CandidateId":554,"ManifestationId":4485,"PartyId":18,"Rank":2,"MarkDensity":100,"IsAmbiguous":false,"IsVote":true,"OutstackConditionIds":[]},{"CandidateId":547,"ManifestationId":4495,"PartyId":19,"Rank":3,"MarkDensity":100,"IsAmbiguous":false,"IsVote":true,"OutstackConditionIds":[]}]},{"Id":7,"ManifestationId":612,"Undervotes":0,"Overvotes":0,"OutstackConditionIds":[14],"Marks":[{"CandidateId":517,"ManifestationId":4540,"PartyId":15,"Rank":1,"MarkDensity":100,"IsAmbiguous":false,"IsVote":true,"OutstackConditionIds":[]},{"CandidateId":520,"ManifestationId":4543,"PartyId":3,"Rank":2,"MarkDensity":100,"IsAmbiguous":false,"IsVote":true,"OutstackConditionIds":[]}]},{"Id":23,"ManifestationId":613,"Undervotes":0,"Overvotes":0,"OutstackConditionIds":[7],"Marks":[]},{"Id":58,"ManifestationId":614,"Undervotes":0,"Overvotes":0,"OutstackConditionIds":[7],"Marks":[]},{"Id":68,"ManifestationId":615,"Undervotes":1,"Overvotes":0,"OutstackConditionIds":[4,6],"Marks":[]},{"Id":69,"ManifestationId":616,"Undervotes":1,"Overvotes":0,"OutstackConditionIds":[4,6],"Marks":[]},{"Id":71,"ManifestationId":617,"Undervotes":1,"Overvotes":0,"OutstackConditionIds":[4,6],"Marks":[]},{"Id":72,"ManifestationId":618,"Undervotes":1,"Overvotes":0,"OutstackConditionIds":[4,6],"Marks":[]},{"Id":76,"ManifestationId":619,"Undervotes":1,"Overvotes":0,"OutstackConditionIds":[4,6],"Marks":[]},{"Id":77,"ManifestationId":620,"Undervotes":1,"Overvotes":0,"OutstackConditionIds":[4,6],"Marks":[]},{"Id":129,"ManifestationId":621,"Undervotes":0,"Overvotes":0,"OutstackConditionIds":[7],"Marks":[]},{"Id":137,"ManifestationId":622,"Undervotes":0,"Overvotes":0,"OutstackConditionIds":[7],"Marks":[]},{"Id":138,"ManifestationId":623,"Undervotes":0,"Overvotes":0,"OutstackConditionIds":[7],"Marks":[]}],"OutstackConditionIds":[]}]}},{"TabulatorId":93207,"BatchId":1,"RecordId":11,"CountingGroupId":2,"ImageMask":"D:\\NAS\\2024 General Election\\Results\\Tabulator93207\\Batch001\\Images\\93207_00001_000011*.*","SessionType":"ScannedVote","VotingSessionIdentifier":"","UniqueVotingIdentifier":"","Original":{"PrecinctPortionId":431,"BallotTypeId":33,"IsCurrent":true,"Cards":[{"Id":1042,"KeyInId":1042,"PaperIndex":0,"Contests":[{"Id":4,"ManifestationId":611,"Undervotes":0,"Overvotes":0,"OutstackConditionIds":[14],"Marks":[{"CandidateId":543,"ManifestationId":4474,"PartyId":15,"Rank":1,"MarkDensity":100,"IsAmbiguous":false,"IsVote":true,"OutstackConditionIds":[]},{"CandidateId":554,"ManifestationId":4485,"PartyId":18,"Rank":2,"MarkDensity":100,"IsAmbiguous":false,"IsVote":true,"OutstackConditionIds":[]},{"CandidateId":542,"ManifestationId":4492,"PartyId":7,"Rank":3,"MarkDensity":100,"IsAmbiguous":false,"IsVote":true,"OutstackConditionIds":[]}]},{"Id":7,"ManifestationId":612,"Undervotes":0,"Overvotes":0,"OutstackConditionIds":[14],"Marks":[{"CandidateId":517,"ManifestationId":4540,"PartyId":15,"Rank":1,"MarkDensity":100,"IsAmbiguous":false,"IsVote":true,"OutstackConditionIds":[]}]},{"Id":23,"ManifestationId":613,"Undervotes":0,"Overvotes":0,"OutstackConditionIds":[7],"Marks":[{"CandidateId":377,"ManifestationId":4563,"PartyId":7,"Rank":1,"MarkDensity":100,"IsAmbiguous":false,"IsVote":false,"OutstackConditionIds":[7]}]},{"Id":58,"ManifestationId":614,"Undervotes":0,"Overvotes":0,"OutstackConditionIds":[7],"Marks":[]},{"Id":68,"ManifestationId":615,"Undervotes":0,"Overvotes":0,"OutstackConditionIds":[],"Marks":[{"CandidateId":217,"ManifestationId":4581,"PartyId":0,"Rank":1,"MarkDensity":100,"IsAmbiguous":false,"IsVote":true,"OutstackConditionIds":[]}]},{"Id":69,"ManifestationId":616,"Undervotes":0,"Overvotes":0,"OutstackConditionIds":[],"Marks":[{"CandidateId":219,"ManifestationId":4583,"PartyId":0,"Rank":1,"MarkDensity":100,"IsAmbiguous":false,"IsVote":true,"OutstackConditionIds":[]}]},{"Id":71,"ManifestationId":617,"Undervotes":1,"Overvotes":0,"OutstackConditionIds":[4,6],"Marks":[]},{"Id":72,"ManifestationId":618,"Undervotes":1,"Overvotes":0,"OutstackConditionIds":[4,6],"Marks":[]},{"Id":76,"ManifestationId":619,"Undervotes":1,"Overvotes":0,"OutstackConditionIds":[4,6],"Marks":[]},{"Id":77,"ManifestationId":620,"Undervotes":1,"Overvotes":0,"OutstackConditionIds":[4,6],"Marks":[]},{"Id":129,"ManifestationId":621,"Undervotes":0,"Overvotes":0,"OutstackConditionIds":[7],"Marks":[]},{"Id":137,"ManifestationId":622,"Undervotes":0,"Overvotes":0,"OutstackConditionIds":[7],"Marks":[]},{"Id":138,"ManifestationId":623,"Undervotes":0,"Overvotes":0,"OutstackConditionIds":[7],"Marks":[]}],"OutstackConditionIds":[]}]}},{"TabulatorId":93207,"BatchId":1,"RecordId":16,"CountingGroupId":2,"ImageMask":"D:\\NAS\\2024 General Election\\Results\\Tabulator93207\\Batch001\\Images\\93207_00001_000016*.*","SessionType":"ScannedVote","VotingSessionIdentifier":"","UniqueVotingIdentifier":"","Original":{"PrecinctPortionId":431,"BallotTypeId":33,"IsCurrent":true,"Cards":[{"Id":1042,"KeyInId":1042,"PaperIndex":0,"Contests":[{"Id":4,"ManifestationId":611,"Undervotes":0,"Overvotes":0,"OutstackConditionIds":[14],"Marks":[{"CandidateId":542,"ManifestationId":4476,"PartyId":7,"Rank":1,"MarkDensity":100,"IsAmbiguous":false,"IsVote":true,"OutstackConditionIds":[]},{"CandidateId":554,"ManifestationId":4485,"PartyId":18,"Rank":2,"MarkDensity":100,"IsAmbiguous":false,"IsVote":true,"OutstackConditionIds":[]},{"CandidateId":547,"ManifestationId":4495,"PartyId":19,"Rank":3,"MarkDensity":100,"IsAmbiguous":false,"IsVote":true,"OutstackConditionIds":[]}]},{"Id":7,"ManifestationId":612,"Undervotes":0,"Overvotes":0,"OutstackConditionIds":[14],"Marks":[{"CandidateId":518,"ManifestationId":4539,"PartyId":7,"Rank":1,"MarkDensity":100,"IsAmbiguous":false,"IsVote":true,"OutstackConditionIds":[]},{"CandidateId":520,"ManifestationId":4543,"PartyId":3,"Rank":2,"MarkDensity":100,"IsAmbiguous":false,"IsVote":true,"OutstackConditionIds":[]},{"CandidateId":552,"ManifestationId":4551,"PartyId":7,"Rank":3,"MarkDensity":100,"IsAmbiguous":false,"IsVote":true,"OutstackConditionIds":[]}]},{"Id":23,"ManifestationId":613,"Undervotes":0,"Overvotes":0,"OutstackConditionIds":[7],"Marks":[{"CandidateId":377,"ManifestationId":4563,"PartyId":7,"Rank":1,"MarkDensity":100,"IsAmbiguous":false,"IsVote":false,"OutstackConditionIds":[7]}]},{"Id":58,"ManifestationId":614,"Undervotes":0,"Overvotes":0,"OutstackConditionIds":[7],"Marks":[{"CandidateId":446,"ManifestationId":4573,"PartyId":7,"Rank":1,"MarkDensity":100,"IsAmbiguous":false,"IsVote":false,"OutstackConditionIds":[7]}]},{"Id":68,"ManifestationId":615,"Undervotes":0,"Overvotes":0,"OutstackConditionIds":[],"Marks":[{"CandidateId":217,"ManifestationId":4581,"PartyId":0,"Rank":1,"MarkDensity":100,"IsAmbiguous":false,"IsVote":true,"OutstackConditionIds":[]}]},{"Id":69,"ManifestationId":616,"Undervotes":0,"Overvotes":0,"OutstackConditionIds":[],"Marks":[{"CandidateId":219,"ManifestationId":4583,"PartyId":0,"Rank":1,"MarkDensity":100,"IsAmbiguous":false,"IsVote":true,"OutstackConditionIds":[]}]},{"Id":71,"ManifestationId":617,"Undervotes":0,"Overvotes":0,"OutstackConditionIds":[],"Marks":[{"CandidateId":223,"ManifestationId":4585,"PartyId":0,"Rank":1,"MarkDensity":100,"IsAmbiguous":false,"IsVote":true,"OutstackConditionIds":[]}]},{"Id":72,"ManifestationId":618,"Undervotes":0,"Overvotes":0,"OutstackConditionIds":[],"Marks":[{"CandidateId":226,"ManifestationId":4588,"PartyId":0,"Rank":1,"MarkDensity":100,"IsAmbiguous":false,"IsVote":true,"OutstackConditionIds":[]}]},{"Id":76,"ManifestationId":619,"Undervotes":0,"Overvotes":0,"OutstackConditionIds":[],"Marks":[{"CandidateId":233,"ManifestationId":4589,"PartyId":0,"Rank":1,"MarkDensity":100,"IsAmbiguous":false,"IsVote":true,"OutstackConditionIds":[]}]},{"Id":77,"ManifestationId":620,"Undervotes":0,"Overvotes":0,"OutstackConditionIds":[],"Marks":[{"CandidateId":235,"ManifestationId":4591,"PartyId":0,"Rank":1,"MarkDensity":100,"IsAmbiguous":false,"IsVote":true,"OutstackConditionIds":[]}]},{"Id":129,"ManifestationId":621,"Undervotes":0,"Overvotes":0,"OutstackConditionIds":[7],"Marks":[{"CandidateId":340,"ManifestationId":4594,"PartyId":0,"Rank":1,"MarkDensity":100,"IsAmbiguous":false,"IsVote":false,"OutstackConditionIds":[7]}]},{"Id":137,"ManifestationId":622,"Undervotes":0,"Overvotes":0,"OutstackConditionIds":[7],"Marks":[{"CandidateId":356,"ManifestationId":4596,"PartyId":0,"Rank":1,"MarkDensity":100,"IsAmbiguous":false,"IsVote":false,"OutstackConditionIds":[7]}]},{"Id":138,"ManifestationId":623,"Undervotes":0,"Overvotes":0,"OutstackConditionIds":[7],"Marks":[{"CandidateId":358,"ManifestationId":4598,"PartyId":0,"Rank":1,"MarkDensity":100,"IsAmbiguous":false,"IsVote":false,"OutstackConditionIds":[7]}]}],"OutstackConditionIds":[]}]}},{"TabulatorId":93207,"BatchId":1,"RecordId":15,"CountingGroupId":2,"ImageMask":"D:\\NAS\\2024 General Election\\Results\\Tabulator93207\\Batch001\\Images\\93207_00001_000015*.*","SessionType":"ScannedVote","VotingSessionIdentifier":"","UniqueVotingIdentifier":"","Original":{"PrecinctPortionId":431,"BallotTypeId":33,"IsCurrent":true,"Cards":[{"Id":1042,"KeyInId":1042,"PaperIndex":0,"Contests":[{"Id":4,"ManifestationId":611,"Undervotes":0,"Overvotes":0,"OutstackConditionIds":[11],"Marks":[{"CandidateId":542,"ManifestationId":4476,"PartyId":7,"Rank":1,"MarkDensity":100,"IsAmbiguous":false,"IsVote":true,"OutstackConditionIds":[]},{"CandidateId":554,"ManifestationId":4485,"PartyId":18,"Rank":2,"MarkDensity":100,"IsAmbiguous":false,"IsVote":true,"OutstackConditionIds":[]},{"CandidateId":543,"ManifestationId":4530,"PartyId":15,"Rank":8,"MarkDensity":100,"IsAmbiguous":false,"IsVote":true,"OutstackConditionIds":[9]},{"CandidateId":541,"ManifestationId":4531,"PartyId":6,"Rank":8,"MarkDensity":100,"IsAmbiguous":false,"IsVote":true,"OutstackConditionIds":[9]},{"CandidateId":540,"ManifestationId":4534,"PartyId":10,"Rank":8,"MarkDensity":100,"IsAmbiguous":false,"IsVote":true,"OutstackConditionIds":[9]},{"CandidateId":547,"ManifestationId":4535,"PartyId":19,"Rank":8,"MarkDensity":100,"IsAmbiguous":false,"IsVote":true,"OutstackConditionIds":[9]},{"CandidateId":545,"ManifestationId":4536,"PartyId":18,"Rank":8,"MarkDensity":100,"IsAmbiguous":false,"IsVote":true,"OutstackConditionIds":[9]},{"CandidateId":546,"ManifestationId":4537,"PartyId":5,"Rank":8,"MarkDensity":100,"IsAmbiguous":false,"IsVote":true,"OutstackConditionIds":[9]}]},{"Id":7,"ManifestationId":612,"Undervotes":0,"Overvotes":0,"OutstackConditionIds":[],"Marks":[{"CandidateId":518,"ManifestationId":4539,"PartyId":7,"Rank":1,"MarkDensity":100,"IsAmbiguous":false,"IsVote":true,"OutstackConditionIds":[]},{"CandidateId":552,"ManifestationId":4546,"PartyId":7,"Rank":2,"MarkDensity":100,"IsAmbiguous":false,"IsVote":true,"OutstackConditionIds":[]},{"CandidateId":517,"ManifestationId":4550,"PartyId":15,"Rank":3,"MarkDensity":100,"IsAmbiguous":false,"IsVote":true,"OutstackConditionIds":[]},{"CandidateId":520,"ManifestationId":4553,"PartyId":3,"Rank":4,"MarkDensity":100,"IsAmbiguous":false,"IsVote":true,"OutstackConditionIds":[]},{"CandidateId":520,"ManifestationId":4558,"PartyId":3,"Rank":5,"MarkDensity":100,"IsAmbiguous":false,"IsVote":true,"OutstackConditionIds":[12]}]},{"Id":23,"ManifestationId":613,"Undervotes":0,"Overvotes":0,"OutstackConditionIds":[7],"Marks":[{"CandidateId":377,"ManifestationId":4563,"PartyId":7,"Rank":1,"MarkDensity":100,"IsAmbiguous":false,"IsVote":false,"OutstackConditionIds":[7]},{"CandidateId":378,"ManifestationId":4570,"PartyId":15,"Rank":3,"MarkDensity":100,"IsAmbiguous":false,"IsVote":false,"OutstackConditionIds":[7]}]},{"Id":58,"ManifestationId":614,"Undervotes":0,"Overvotes":0,"OutstackConditionIds":[7],"Marks":[{"CandidateId":446,"ManifestationId":4573,"PartyId":7,"Rank":1,"MarkDensity":100,"IsAmbiguous":false,"IsVote":false,"OutstackConditionIds":[7]},{"CandidateId":445,"ManifestationId":4575,"PartyId":15,"Rank":2,"MarkDensity":100,"IsAmbiguous":false,"IsVote":false,"OutstackConditionIds":[7]}]},{"Id":68,"ManifestationId":615,"Undervotes":0,"Overvotes":0,"OutstackConditionIds":[],"Marks":[{"CandidateId":217,"ManifestationId":4581,"PartyId":0,"Rank":1,"MarkDensity":100,"IsAmbiguous":false,"IsVote":true,"OutstackConditionIds":[]}]},{"Id":69,"ManifestationId":616,"Undervotes":0,"Overvotes":0,"OutstackConditionIds":[],"Marks":[{"CandidateId":219,"ManifestationId":4583,"PartyId":0,"Rank":1,"MarkDensity":100,"IsAmbiguous":false,"IsVote":true,"OutstackConditionIds":[]}]},{"Id":71,"ManifestationId":617,"Undervotes":0,"Overvotes":0,"OutstackConditionIds":[],"Marks":[{"CandidateId":223,"ManifestationId":4585,"PartyId":0,"Rank":1,"MarkDensity":100,"IsAmbiguous":false,"IsVote":true,"OutstackConditionIds":[]}]},{"Id":72,"ManifestationId":618,"Undervotes":1,"Overvotes":0,"OutstackConditionIds":[4,6],"Marks":[]},{"Id":76,"ManifestationId":619,"Undervotes":0,"Overvotes":0,"OutstackConditionIds":[],"Marks":[{"CandidateId":233,"ManifestationId":4589,"PartyId":0,"Rank":1,"MarkDensity":100,"IsAmbiguous":false,"IsVote":true,"OutstackConditionIds":[]}]},{"Id":77,"ManifestationId":620,"Undervotes":1,"Overvotes":0,"OutstackConditionIds":[4,6],"Marks":[]},{"Id":129,"ManifestationId":621,"Undervotes":0,"Overvotes":0,"OutstackConditionIds":[7],"Marks":[{"CandidateId":339,"ManifestationId":4593,"PartyId":0,"Rank":1,"MarkDensity":100,"IsAmbiguous":false,"IsVote":false,"OutstackConditionIds":[7]}]},{"Id":137,"ManifestationId":622,"Undervotes":0,"Overvotes":0,"OutstackConditionIds":[7],"Marks":[{"CandidateId":355,"ManifestationId":4595,"PartyId":0,"Rank":1,"MarkDensity":100,"IsAmbiguous":false,"IsVote":false,"OutstackConditionIds":[7]}]},{"Id":138,"ManifestationId":623,"Undervotes":0,"Overvotes":0,"OutstackConditionIds":[7],"Marks":[]}],"OutstackConditionIds":[]}]}},{"TabulatorId":93207,"BatchId":1,"RecordId":8,"CountingGroupId":2,"ImageMask":"D:\\NAS\\2024 General Election\\Results\\Tabulator93207\\Batch001\\Images\\93207_00001_000008*.*","SessionType":"ScannedVote","VotingSessionIdentifier":"","UniqueVotingIdentifier":"","Original":{"PrecinctPortionId":431,"BallotTypeId":33,"IsCurrent":true,"Cards":[{"Id":1042,"KeyInId":1042,"PaperIndex":0,"Contests":[{"Id":4,"ManifestationId":611,"Undervotes":0,"Overvotes":0,"OutstackConditionIds":[14],"Marks":[{"CandidateId":542,"ManifestationId":4476,"PartyId":7,"Rank":1,"MarkDensity":100,"IsAmbiguous":false,"IsVote":true,"OutstackConditionIds":[]}]},{"Id":7,"ManifestationId":612,"Undervotes":0,"Overvotes":0,"OutstackConditionIds":[14],"Marks":[{"CandidateId":518,"ManifestationId":4539,"PartyId":7,"Rank":1,"MarkDensity":100,"IsAmbiguous":false,"IsVote":true,"OutstackConditionIds":[]}]},{"Id":23,"ManifestationId":613,"Undervotes":0,"Overvotes":0,"OutstackConditionIds":[7],"Marks":[]},{"Id":58,"ManifestationId":614,"Undervotes":0,"Overvotes":0,"OutstackConditionIds":[7],"Marks":[{"CandidateId":446,"ManifestationId":4573,"PartyId":7,"Rank":1,"MarkDensity":100,"IsAmbiguous":false,"IsVote":false,"OutstackConditionIds":[7]}]},{"Id":68,"ManifestationId":615,"Undervotes":0,"Overvotes":0,"OutstackConditionIds":[],"Marks":[{"CandidateId":217,"ManifestationId":4581,"PartyId":0,"Rank":1,"MarkDensity":100,"IsAmbiguous":false,"IsVote":true,"OutstackConditionIds":[]}]},{"Id":69,"ManifestationId":616,"Undervotes":0,"Overvotes":0,"OutstackConditionIds":[],"Marks":[{"CandidateId":220,"ManifestationId":4584,"PartyId":0,"Rank":1,"MarkDensity":100,"IsAmbiguous":false,"IsVote":true,"OutstackConditionIds":[]}]},{"Id":71,"ManifestationId":617,"Undervotes":0,"Overvotes":0,"OutstackConditionIds":[],"Marks":[{"CandidateId":223,"ManifestationId":4585,"PartyId":0,"Rank":1,"MarkDensity":100,"IsAmbiguous":false,"IsVote":true,"OutstackConditionIds":[]}]},{"Id":72,"ManifestationId":618,"Undervotes":0,"Overvotes":0,"OutstackConditionIds":[],"Marks":[{"CandidateId":225,"ManifestationId":4587,"PartyId":0,"Rank":1,"MarkDensity":100,"IsAmbiguous":false,"IsVote":true,"OutstackConditionIds":[]}]},{"Id":76,"ManifestationId":619,"Undervotes":0,"Overvotes":0,"OutstackConditionIds":[],"Marks":[{"CandidateId":233,"ManifestationId":4589,"PartyId":0,"Rank":1,"MarkDensity":100,"IsAmbiguous":false,"IsVote":true,"OutstackConditionIds":[]}]},{"Id":77,"ManifestationId":620,"Undervotes":0,"Overvotes":0,"OutstackConditionIds":[],"Marks":[{"CandidateId":235,"ManifestationId":4591,"PartyId":0,"Rank":1,"MarkDensity":100,"IsAmbiguous":false,"IsVote":true,"OutstackConditionIds":[]}]},{"Id":129,"ManifestationId":621,"Undervotes":0,"Overvotes":0,"OutstackConditionIds":[7],"Marks":[{"CandidateId":339,"ManifestationId":4593,"PartyId":0,"Rank":1,"MarkDensity":100,"IsAmbiguous":false,"IsVote":false,"OutstackConditionIds":[7]}]},{"Id":137,"ManifestationId":622,"Undervotes":0,"Overvotes":0,"OutstackConditionIds":[7],"Marks":[{"CandidateId":355,"ManifestationId":4595,"PartyId":0,"Rank":1,"MarkDensity":100,"IsAmbiguous":false,"IsVote":false,"OutstackConditionIds":[7]}]},{"Id":138,"ManifestationId":623,"Undervotes":0,"Overvotes":0,"OutstackConditionIds":[7],"Marks":[{"CandidateId":357,"ManifestationId":4597,"PartyId":0,"Rank":1,"MarkDensity":100,"IsAmbiguous":false,"IsVote":false,"OutstackConditionIds":[7]}]}],"OutstackConditionIds":[]}]}},{"TabulatorId":93207,"BatchId":1,"RecordId":12,"CountingGroupId":2,"ImageMask":"D:\\NAS\\2024 General Election\\Results\\Tabulator93207\\Batch001\\Images\\93207_00001_000012*.*","SessionType":"ScannedVote","VotingSessionIdentifier":"","UniqueVotingIdentifier":"","Original":{"PrecinctPortionId":431,"BallotTypeId":33,"IsCurrent":true,"Cards":[{"Id":1042,"KeyInId":1042,"PaperIndex":0,"Contests":[{"Id":4,"ManifestationId":611,"Undervotes":0,"Overvotes":0,"OutstackConditionIds":[14],"Marks":[{"CandidateId":542,"ManifestationId":4476,"PartyId":7,"Rank":1,"MarkDensity":100,"IsAmbiguous":false,"IsVote":true,"OutstackConditionIds":[]}]},{"Id":7,"ManifestationId":612,"Undervotes":0,"Overvotes":0,"OutstackConditionIds":[14],"Marks":[{"CandidateId":518,"ManifestationId":4539,"PartyId":7,"Rank":1,"MarkDensity":100,"IsAmbiguous":false,"IsVote":true,"OutstackConditionIds":[]}]},{"Id":23,"ManifestationId":613,"Undervotes":0,"Overvotes":0,"OutstackConditionIds":[7],"Marks":[{"CandidateId":377,"ManifestationId":4563,"PartyId":7,"Rank":1,"MarkDensity":100,"IsAmbiguous":false,"IsVote":false,"OutstackConditionIds":[7]}]},{"Id":58,"ManifestationId":614,"Undervotes":0,"Overvotes":0,"OutstackConditionIds":[7],"Marks":[{"CandidateId":446,"ManifestationId":4573,"PartyId":7,"Rank":1,"MarkDensity":100,"IsAmbiguous":false,"IsVote":false,"OutstackConditionIds":[7]}]},{"Id":68,"ManifestationId":615,"Undervotes":0,"Overvotes":0,"OutstackConditionIds":[],"Marks":[{"CandidateId":217,"ManifestationId":4581,"PartyId":0,"Rank":1,"MarkDensity":100,"IsAmbiguous":false,"IsVote":true,"OutstackConditionIds":[]}]},{"Id":69,"ManifestationId":616,"Undervotes":0,"Overvotes":0,"OutstackConditionIds":[],"Marks":[{"CandidateId":220,"ManifestationId":4584,"PartyId":0,"Rank":1,"MarkDensity":100,"IsAmbiguous":false,"IsVote":true,"OutstackConditionIds":[]}]},{"Id":71,"ManifestationId":617,"Undervotes":1,"Overvotes":0,"OutstackConditionIds":[4,6],"Marks":[]},{"Id":72,"ManifestationId":618,"Undervotes":1,"Overvotes":0,"OutstackConditionIds":[4,6],"Marks":[]},{"Id":76,"ManifestationId":619,"Undervotes":1,"Overvotes":0,"OutstackConditionIds":[4,6],"Marks":[]},{"Id":77,"ManifestationId":620,"Undervotes":1,"Overvotes":0,"OutstackConditionIds":[4,6],"Marks":[]},{"Id":129,"ManifestationId":621,"Undervotes":0,"Overvotes":0,"OutstackConditionIds":[7],"Marks":[]},{"Id":137,"ManifestationId":622,"Undervotes":0,"Overvotes":0,"OutstackConditionIds":[7],"Marks":[]},{"Id":138,"ManifestationId":623,"Undervotes":0,"Overvotes":0,"OutstackConditionIds":[7],"Marks":[]}],"OutstackConditionIds":[]}]}},{"TabulatorId":93207,"BatchId":1,"RecordId":1,"CountingGroupId":2,"ImageMask":"D:\\NAS\\2024 General Election\\Results\\Tabulator93207\\Batch001\\Images\\93207_00001_000001*.*","SessionType":"ScannedVote","VotingSessionIdentifier":"","UniqueVotingIdentifier":"","Original":{"PrecinctPortionId":431,"BallotTypeId":33,"IsCurrent":true,"Cards":[{"Id":1042,"KeyInId":1042,"PaperIndex":0,"Contests":[{"Id":4,"ManifestationId":611,"Undervotes":0,"Overvotes":0,"OutstackConditionIds":[14],"Marks":[{"CandidateId":542,"ManifestationId":4476,"PartyId":7,"Rank":1,"MarkDensity":100,"IsAmbiguous":false,"IsVote":true,"OutstackConditionIds":[]}]},{"Id":7,"ManifestationId":612,"Undervotes":0,"Overvotes":0,"OutstackConditionIds":[14],"Marks":[{"CandidateId":518,"ManifestationId":4539,"PartyId":7,"Rank":1,"MarkDensity":100,"IsAmbiguous":false,"IsVote":true,"OutstackConditionIds":[]}]},{"Id":23,"ManifestationId":613,"Undervotes":0,"Overvotes":0,"OutstackConditionIds":[7],"Marks":[{"CandidateId":377,"ManifestationId":4563,"PartyId":7,"Rank":1,"MarkDensity":100,"IsAmbiguous":false,"IsVote":false,"OutstackConditionIds":[7]}]},{"Id":58,"ManifestationId":614,"Undervotes":0,"Overvotes":0,"OutstackConditionIds":[7],"Marks":[{"CandidateId":446,"ManifestationId":4573,"PartyId":7,"Rank":1,"MarkDensity":100,"IsAmbiguous":false,"IsVote":false,"OutstackConditionIds":[7]}]},{"Id":68,"ManifestationId":615,"Undervotes":0,"Overvotes":0,"OutstackConditionIds":[],"Marks":[{"CandidateId":217,"ManifestationId":4581,"PartyId":0,"Rank":1,"MarkDensity":100,"IsAmbiguous":false,"IsVote":true,"OutstackConditionIds":[]}]},{"Id":69,"ManifestationId":616,"Undervotes":0,"Overvotes":0,"OutstackConditionIds":[],"Marks":[{"CandidateId":219,"ManifestationId":4583,"PartyId":0,"Rank":1,"MarkDensity":100,"IsAmbiguous":false,"IsVote":true,"OutstackConditionIds":[]}]},{"Id":71,"ManifestationId":617,"Undervotes":0,"Overvotes":0,"OutstackConditionIds":[],"Marks":[{"CandidateId":223,"ManifestationId":4585,"PartyId":0,"Rank":1,"MarkDensity":100,"IsAmbiguous":false,"IsVote":true,"OutstackConditionIds":[]}]},{"Id":72,"ManifestationId":618,"Undervotes":0,"Overvotes":0,"OutstackConditionIds":[],"Marks":[{"CandidateId":225,"ManifestationId":4587,"PartyId":0,"Rank":1,"MarkDensity":100,"IsAmbiguous":false,"IsVote":true,"OutstackConditionIds":[]}]},{"Id":76,"ManifestationId":619,"Undervotes":0,"Overvotes":0,"OutstackConditionIds":[],"Marks":[{"CandidateId":233,"ManifestationId":4589,"PartyId":0,"Rank":1,"MarkDensity":100,"IsAmbiguous":false,"IsVote":true,"OutstackConditionIds":[]}]},{"Id":77,"ManifestationId":620,"Undervotes":0,"Overvotes":0,"OutstackConditionIds":[],"Marks":[{"CandidateId":235,"ManifestationId":4591,"PartyId":0,"Rank":1,"MarkDensity":100,"IsAmbiguous":false,"IsVote":true,"OutstackConditionIds":[]}]},{"Id":129,"ManifestationId":621,"Undervotes":0,"Overvotes":0,"OutstackConditionIds":[7],"Marks":[{"CandidateId":339,"ManifestationId":4593,"PartyId":0,"Rank":1,"MarkDensity":100,"IsAmbiguous":false,"IsVote":false,"OutstackConditionIds":[7]}]},{"Id":137,"ManifestationId":622,"Undervotes":0,"Overvotes":0,"OutstackConditionIds":[7],"Marks":[{"CandidateId":355,"ManifestationId":4595,"PartyId":0,"Rank":1,"MarkDensity":100,"IsAmbiguous":false,"IsVote":false,"OutstackConditionIds":[7]}]},{"Id":138,"ManifestationId":623,"Undervotes":0,"Overvotes":0,"OutstackConditionIds":[7],"Marks":[{"CandidateId":357,"ManifestationId":4597,"PartyId":0,"Rank":1,"MarkDensity":100,"IsAmbiguous":false,"IsVote":false,"OutstackConditionIds":[7]}]}],"OutstackConditionIds":[]}]}},{"TabulatorId":93207,"BatchId":1,"RecordId":7,"CountingGroupId":2,"ImageMask":"D:\\NAS\\2024 General Election\\Results\\Tabulator93207\\Batch001\\Images\\93207_00001_000007*.*","SessionType":"ScannedVote","VotingSessionIdentifier":"","UniqueVotingIdentifier":"","Original":{"PrecinctPortionId":431,"BallotTypeId":33,"IsCurrent":true,"Cards":[{"Id":1042,"KeyInId":1042,"PaperIndex":0,"Contests":[{"Id":4,"ManifestationId":611,"Undervotes":0,"Overvotes":0,"OutstackConditionIds":[],"Marks":[{"CandidateId":543,"ManifestationId":4474,"PartyId":15,"Rank":1,"MarkDensity":100,"IsAmbiguous":false,"IsVote":true,"OutstackConditionIds":[]},{"CandidateId":554,"ManifestationId":4485,"PartyId":18,"Rank":2,"MarkDensity":100,"IsAmbiguous":false,"IsVote":true,"OutstackConditionIds":[]},{"CandidateId":540,"ManifestationId":4494,"PartyId":10,"Rank":3,"MarkDensity":100,"IsAmbiguous":false,"IsVote":true,"OutstackConditionIds":[]},{"CandidateId":546,"ManifestationId":4505,"PartyId":5,"Rank":4,"MarkDensity":100,"IsAmbiguous":false,"IsVote":true,"OutstackConditionIds":[]},{"CandidateId":547,"ManifestationId":4511,"PartyId":19,"Rank":5,"MarkDensity":100,"IsAmbiguous":false,"IsVote":true,"OutstackConditionIds":[]},{"CandidateId":545,"ManifestationId":4520,"PartyId":18,"Rank":6,"MarkDensity":100,"IsAmbiguous":false,"IsVote":true,"OutstackConditionIds":[]},{"CandidateId":541,"ManifestationId":4523,"PartyId":6,"Rank":7,"MarkDensity":100,"IsAmbiguous":false,"IsVote":true,"OutstackConditionIds":[]},{"CandidateId":542,"ManifestationId":4532,"PartyId":7,"Rank":8,"MarkDensity":100,"IsAmbiguous":false,"IsVote":true,"OutstackConditionIds":[]}]},{"Id":7,"ManifestationId":612,"Undervotes":0,"Overvotes":0,"OutstackConditionIds":[14],"Marks":[{"CandidateId":517,"ManifestationId":4540,"PartyId":15,"Rank":1,"MarkDensity":100,"IsAmbiguous":false,"IsVote":true,"OutstackConditionIds":[]}]},{"Id":23,"ManifestationId":613,"Undervotes":0,"Overvotes":0,"OutstackConditionIds":[7],"Marks":[{"CandidateId":378,"ManifestationId":4564,"PartyId":15,"Rank":1,"MarkDensity":100,"IsAmbiguous":false,"IsVote":false,"OutstackConditionIds":[7]}]},{"Id":58,"ManifestationId":614,"Undervotes":0,"Overvotes":0,"OutstackConditionIds":[7],"Marks":[{"CandidateId":445,"ManifestationId":4572,"PartyId":15,"Rank":1,"MarkDensity":100,"IsAmbiguous":false,"IsVote":false,"OutstackConditionIds":[7]}]},{"Id":68,"ManifestationId":615,"Undervotes":0,"Overvotes":0,"OutstackConditionIds":[],"Marks":[{"CandidateId":217,"ManifestationId":4581,"PartyId":0,"Rank":1,"MarkDensity":100,"IsAmbiguous":false,"IsVote":true,"OutstackConditionIds":[]}]},{"Id":69,"ManifestationId":616,"Undervotes":0,"Overvotes":0,"OutstackConditionIds":[],"Marks":[{"CandidateId":219,"ManifestationId":4583,"PartyId":0,"Rank":1,"MarkDensity":100,"IsAmbiguous":false,"IsVote":true,"OutstackConditionIds":[]}]},{"Id":71,"ManifestationId":617,"Undervotes":0,"Overvotes":0,"OutstackConditionIds":[],"Marks":[{"CandidateId":223,"ManifestationId":4585,"PartyId":0,"Rank":1,"MarkDensity":100,"IsAmbiguous":false,"IsVote":true,"OutstackConditionIds":[]}]},{"Id":72,"ManifestationId":618,"Undervotes":0,"Overvotes":0,"OutstackConditionIds":[],"Marks":[{"CandidateId":225,"ManifestationId":4587,"PartyId":0,"Rank":1,"MarkDensity":100,"IsAmbiguous":false,"IsVote":true,"OutstackConditionIds":[]}]},{"Id":76,"ManifestationId":619,"Undervotes":0,"Overvotes":0,"OutstackConditionIds":[],"Marks":[{"CandidateId":233,"ManifestationId":4589,"PartyId":0,"Rank":1,"MarkDensity":100,"IsAmbiguous":false,"IsVote":true,"OutstackConditionIds":[]}]},{"Id":77,"ManifestationId":620,"Undervotes":0,"Overvotes":0,"OutstackConditionIds":[],"Marks":[{"CandidateId":235,"ManifestationId":4591,"PartyId":0,"Rank":1,"MarkDensity":100,"IsAmbiguous":false,"IsVote":true,"OutstackConditionIds":[]}]},{"Id":129,"ManifestationId":621,"Undervotes":0,"Overvotes":0,"OutstackConditionIds":[7],"Marks":[{"CandidateId":339,"ManifestationId":4593,"PartyId":0,"Rank":1,"MarkDensity":100,"IsAmbiguous":false,"IsVote":false,"OutstackConditionIds":[7]}]},{"Id":137,"ManifestationId":622,"Undervotes":0,"Overvotes":0,"OutstackConditionIds":[7],"Marks":[{"CandidateId":355,"ManifestationId":4595,"PartyId":0,"Rank":1,"MarkDensity":100,"IsAmbiguous":false,"IsVote":false,"OutstackConditionIds":[7]}]},{"Id":138,"ManifestationId":623,"Undervotes":0,"Overvotes":0,"OutstackConditionIds":[7],"Marks":[{"CandidateId":357,"ManifestationId":4597,"PartyId":0,"Rank":1,"MarkDensity":100,"IsAmbiguous":false,"IsVote":false,"OutstackConditionIds":[7]}]}],"OutstackConditionIds":[]}]}},{"TabulatorId":93207,"BatchId":1,"RecordId":2,"CountingGroupId":2,"ImageMask":"D:\\NAS\\2024 General Election\\Results\\Tabulator93207\\Batch001\\Images\\93207_00001_000002*.*","SessionType":"ScannedVote","VotingSessionIdentifier":"","UniqueVotingIdentifier":"","Original":{"PrecinctPortionId":431,"BallotTypeId":33,"IsCurrent":true,"Cards":[{"Id":1042,"KeyInId":1042,"PaperIndex":0,"Contests":[{"Id":4,"ManifestationId":611,"Undervotes":0,"Overvotes":0,"OutstackConditionIds":[14],"Marks":[{"CandidateId":542,"ManifestationId":4476,"PartyId":7,"Rank":1,"MarkDensity":100,"IsAmbiguous":false,"IsVote":true,"OutstackConditionIds":[]}]},{"Id":7,"ManifestationId":612,"Undervotes":0,"Overvotes":0,"OutstackConditionIds":[14],"Marks":[{"CandidateId":518,"ManifestationId":4539,"PartyId":7,"Rank":1,"MarkDensity":100,"IsAmbiguous":false,"IsVote":true,"OutstackConditionIds":[]}]},{"Id":23,"ManifestationId":613,"Undervotes":0,"Overvotes":0,"OutstackConditionIds":[7],"Marks":[{"CandidateId":377,"ManifestationId":4563,"PartyId":7,"Rank":1,"MarkDensity":100,"IsAmbiguous":false,"IsVote":false,"OutstackConditionIds":[7]}]},{"Id":58,"ManifestationId":614,"Undervotes":0,"Overvotes":0,"OutstackConditionIds":[7],"Marks":[{"CandidateId":446,"ManifestationId":4573,"PartyId":7,"Rank":1,"MarkDensity":100,"IsAmbiguous":false,"IsVote":false,"OutstackConditionIds":[7]}]},{"Id":68,"ManifestationId":615,"Undervotes":0,"Overvotes":0,"OutstackConditionIds":[],"Marks":[{"CandidateId":217,"ManifestationId":4581,"PartyId":0,"Rank":1,"MarkDensity":100,"IsAmbiguous":false,"IsVote":true,"OutstackConditionIds":[]}]},{"Id":69,"ManifestationId":616,"Undervotes":0,"Overvotes":0,"OutstackConditionIds":[],"Marks":[{"CandidateId":220,"ManifestationId":4584,"PartyId":0,"Rank":1,"MarkDensity":100,"IsAmbiguous":false,"IsVote":true,"OutstackConditionIds":[]}]},{"Id":71,"ManifestationId":617,"Undervotes":0,"Overvotes":0,"OutstackConditionIds":[],"Marks":[{"CandidateId":223,"ManifestationId":4585,"PartyId":0,"Rank":1,"MarkDensity":100,"IsAmbiguous":false,"IsVote":true,"OutstackConditionIds":[]}]},{"Id":72,"ManifestationId":618,"Undervotes":0,"Overvotes":0,"OutstackConditionIds":[],"Marks":[{"CandidateId":225,"ManifestationId":4587,"PartyId":0,"Rank":1,"MarkDensity":100,"IsAmbiguous":false,"IsVote":true,"OutstackConditionIds":[]}]},{"Id":76,"ManifestationId":619,"Undervotes":0,"Overvotes":0,"OutstackConditionIds":[],"Marks":[{"CandidateId":233,"ManifestationId":4589,"PartyId":0,"Rank":1,"MarkDensity":100,"IsAmbiguous":false,"IsVote":true,"OutstackConditionIds":[]}]},{"Id":77,"ManifestationId":620,"Undervotes":0,"Overvotes":0,"OutstackConditionIds":[],"Marks":[{"CandidateId":235,"ManifestationId":4591,"PartyId":0,"Rank":1,"MarkDensity":100,"IsAmbiguous":false,"IsVote":true,"OutstackConditionIds":[]}]},{"Id":129,"ManifestationId":621,"Undervotes":0,"Overvotes":0,"OutstackConditionIds":[7],"Marks":[{"CandidateId":339,"ManifestationId":4593,"PartyId":0,"Rank":1,"MarkDensity":100,"IsAmbiguous":false,"IsVote":false,"OutstackConditionIds":[7]}]},{"Id":137,"ManifestationId":622,"Undervotes":0,"Overvotes":0,"OutstackConditionIds":[7],"Marks":[{"CandidateId":355,"ManifestationId":4595,"PartyId":0,"Rank":1,"MarkDensity":100,"IsAmbiguous":false,"IsVote":false,"OutstackConditionIds":[7]}]},{"Id":138,"ManifestationId":623,"Undervotes":0,"Overvotes":0,"OutstackConditionIds":[7],"Marks":[{"CandidateId":357,"ManifestationId":4597,"PartyId":0,"Rank":1,"MarkDensity":100,"IsAmbiguous":false,"IsVote":false,"OutstackConditionIds":[7]}]}],"OutstackConditionIds":[]}]}},{"TabulatorId":93207,"BatchId":1,"RecordId":10,"CountingGroupId":2,"ImageMask":"D:\\NAS\\2024 General Election\\Results\\Tabulator93207\\Batch001\\Images\\93207_00001_000010*.*","SessionType":"ScannedVote","VotingSessionIdentifier":"","UniqueVotingIdentifier":"","Original":{"PrecinctPortionId":431,"BallotTypeId":33,"IsCurrent":true,"Cards":[{"Id":1042,"KeyInId":1042,"PaperIndex":0,"Contests":[{"Id":4,"ManifestationId":611,"Undervotes":0,"Overvotes":0,"OutstackConditionIds":[14],"Marks":[{"CandidateId":542,"ManifestationId":4476,"PartyId":7,"Rank":1,"MarkDensity":100,"IsAmbiguous":false,"IsVote":true,"OutstackConditionIds":[]}]},{"Id":7,"ManifestationId":612,"Undervotes":0,"Overvotes":0,"OutstackConditionIds":[14],"Marks":[{"CandidateId":518,"ManifestationId":4539,"PartyId":7,"Rank":1,"MarkDensity":100,"IsAmbiguous":false,"IsVote":true,"OutstackConditionIds":[]}]},{"Id":23,"ManifestationId":613,"Undervotes":0,"Overvotes":0,"OutstackConditionIds":[7],"Marks":[{"CandidateId":377,"ManifestationId":4563,"PartyId":7,"Rank":1,"MarkDensity":100,"IsAmbiguous":false,"IsVote":false,"OutstackConditionIds":[7]}]},{"Id":58,"ManifestationId":614,"Undervotes":0,"Overvotes":0,"OutstackConditionIds":[7],"Marks":[{"CandidateId":446,"ManifestationId":4573,"PartyId":7,"Rank":1,"MarkDensity":100,"IsAmbiguous":false,"IsVote":false,"OutstackConditionIds":[7]}]},{"Id":68,"ManifestationId":615,"Undervotes":1,"Overvotes":0,"OutstackConditionIds":[4,6],"Marks":[]},{"Id":69,"ManifestationId":616,"Undervotes":1,"Overvotes":0,"OutstackConditionIds":[4,6],"Marks":[]},{"Id":71,"ManifestationId":617,"Undervotes":1,"Overvotes":0,"OutstackConditionIds":[4,6],"Marks":[]},{"Id":72,"ManifestationId":618,"Undervotes":1,"Overvotes":0,"OutstackConditionIds":[4,6],"Marks":[]},{"Id":76,"ManifestationId":619,"Undervotes":1,"Overvotes":0,"OutstackConditionIds":[4,6],"Marks":[]},{"Id":77,"ManifestationId":620,"Undervotes":1,"Overvotes":0,"OutstackConditionIds":[4,6],"Marks":[]},{"Id":129,"ManifestationId":621,"Undervotes":0,"Overvotes":0,"OutstackConditionIds":[7],"Marks":[]},{"Id":137,"ManifestationId":622,"Undervotes":0,"Overvotes":0,"OutstackConditionIds":[7],"Marks":[]},{"Id":138,"ManifestationId":623,"Undervotes":0,"Overvotes":0,"OutstackConditionIds":[7],"Marks":[]}],"OutstackConditionIds":[]}]}}]}