{"Version":"5.17.18.1","ElectionId":"2024 General Election","Sessions":[{"TabulatorId":95307,"BatchId":6,"RecordId":1,"CountingGroupId":4,"ImageMask":"D:\\NAS\\2024 General Election\\Results\\Tabulator95307\\Batch006\\Images\\95307_00006_000001*.*","SessionType":"ScannedVote","VotingSessionIdentifier":"","UniqueVotingIdentifier":"","Original":{"PrecinctPortionId":508,"BallotTypeId":29,"IsCurrent":true,"Cards":[{"Id":1038,"KeyInId":1038,"PaperIndex":0,"Contests":[{"Id":4,"ManifestationId":538,"Undervotes":0,"Overvotes":0,"OutstackConditionIds":[14],"Marks":[{"CandidateId":543,"ManifestationId":3947,"PartyId":15,"Rank":1,"MarkDensity":100,"IsAmbiguous":false,"IsVote":true,"OutstackConditionIds":[]}]},{"Id":7,"ManifestationId":539,"Undervotes":0,"Overvotes":0,"OutstackConditionIds":[14],"Marks":[{"CandidateId":517,"ManifestationId":4009,"PartyId":15,"Rank":1,"MarkDensity":100,"IsAmbiguous":false,"IsVote":true,"OutstackConditionIds":[]}]},{"Id":21,"ManifestationId":540,"Undervotes":0,"Overvotes":0,"OutstackConditionIds":[7],"Marks":[]},{"Id":55,"ManifestationId":541,"Undervotes":0,"Overvotes":0,"OutstackConditionIds":[7],"Marks":[]},{"Id":68,"ManifestationId":542,"Undervotes":0,"Overvotes":0,"OutstackConditionIds":[],"Marks":[{"CandidateId":217,"ManifestationId":4065,"PartyId":0,"Rank":1,"MarkDensity":100,"IsAmbiguous":false,"IsVote":true,"OutstackConditionIds":[]}]},{"Id":69,"ManifestationId":543,"Undervotes":0,"Overvotes":0,"OutstackConditionIds":[],"Marks":[{"CandidateId":219,"ManifestationId":4067,"PartyId":0,"Rank":1,"MarkDensity":100,"IsAmbiguous":false,"IsVote":true,"OutstackConditionIds":[]}]},{"Id":71,"ManifestationId":544,"Undervotes":1,"Overvotes":0,"OutstackConditionIds":[4,6],"Marks":[]},{"Id":72,"ManifestationId":545,"Undervotes":1,"Overvotes":0,"OutstackConditionIds":[4,6],"Marks":[]},{"Id":76,"ManifestationId":546,"Undervotes":1,"Overvotes":0,"OutstackConditionIds":[4,6],"Marks":[]},{"Id":77,"ManifestationId":547,"Undervotes":1,"Overvotes":0,"OutstackConditionIds":[4,6],"Marks":[]},{"Id":90,"ManifestationId":548,"Undervotes":0,"Overvotes":0,"OutstackConditionIds":[7],"Marks":[]},{"Id":91,"ManifestationId":549,"Undervotes":0,"Overvotes":0,"OutstackConditionIds":[7],"Marks":[]},{"Id":92,"ManifestationId":550,"Undervotes":0,"Overvotes":0,"OutstackConditionIds":[7],"Marks":[]},{"Id":93,"ManifestationId":551,"Undervotes":0,"Overvotes":0,"OutstackConditionIds":[7],"Marks":[]},{"Id":116,"ManifestationId":552,"Undervotes":0,"Overvotes":0,"OutstackConditionIds":[7],"Marks":[]},{"Id":117,"ManifestationId":553,"Undervotes":0,"Overvotes":0,"OutstackConditionIds":[7],"Marks":[]},{"Id":118,"ManifestationId":554,"Undervotes":0,"Overvotes":0,"OutstackConditionIds":[7],"Marks":[]},{"Id":119,"ManifestationId":555,"Undervotes":0,"Overvotes":0,"OutstackConditionIds":[7],"Marks":[]},{"Id":120,"ManifestationId":556,"Undervotes":0,"Overvotes":0,"OutstackConditionIds":[7],"Marks":[]},{"Id":121,"ManifestationId":557,"Undervotes":0,"Overvotes":0,"OutstackConditionIds":[7],"Marks":[]},{"Id":122,"ManifestationId":558,"Undervotes":0,"Overvotes":0,"OutstackConditionIds":[7],"Marks":[]}],"OutstackConditionIds":[]}]}},{"TabulatorId":95307,"BatchId":6,"RecordId":4,"CountingGroupId":4,"ImageMask":"D:\\NAS\\2024 General Election\\Results\\Tabulator95307\\Batch006\\Images\\95307_00006_000004*.*","SessionType":"ScannedVote","VotingSessionIdentifier":"","UniqueVotingIdentifier":"","Original":{"PrecinctPortionId":508,"BallotTypeId":29,"IsCurrent":true,"Cards":[{"Id":1038,"KeyInId":1038,"PaperIndex":0,"Contests":[{"Id":4,"ManifestationId":538,"Undervotes":0,"Overvotes":0,"OutstackConditionIds":[11],"Marks":[{"CandidateId":543,"ManifestationId":3947,"PartyId":15,"Rank":1,"MarkDensity":100,"IsAmbiguous":false,"IsVote":true,"OutstackConditionIds":[]},{"CandidateId":545,"ManifestationId":3953,"PartyId":18,"Rank":2,"MarkDensity":100,"IsAmbiguous":false,"IsVote":true,"OutstackConditionIds":[]},{"CandidateId":547,"ManifestationId":3960,"PartyId":19,"Rank":3,"MarkDensity":100,"IsAmbiguous":false,"IsVote":true,"OutstackConditionIds":[]},{"CandidateId":554,"ManifestationId":3974,"PartyId":18,"Rank":4,"MarkDensity":100,"IsAmbiguous":false,"IsVote":true,"OutstackConditionIds":[]},{"CandidateId":540,"ManifestationId":3991,"PartyId":10,"Rank":6,"MarkDensity":100,"IsAmbiguous":false,"IsVote":true,"OutstackConditionIds":[]},{"CandidateId":541,"ManifestationId":3996,"PartyId":6,"Rank":7,"MarkDensity":100,"IsAmbiguous":false,"IsVote":true,"OutstackConditionIds":[]},{"CandidateId":542,"ManifestationId":4005,"PartyId":7,"Rank":8,"MarkDensity":100,"IsAmbiguous":false,"IsVote":true,"OutstackConditionIds":[]}]},{"Id":7,"ManifestationId":539,"Undervotes":1,"Overvotes":0,"OutstackConditionIds":[13],"Marks":[]},{"Id":21,"ManifestationId":540,"Undervotes":0,"Overvotes":0,"OutstackConditionIds":[7],"Marks":[]},{"Id":55,"ManifestationId":541,"Undervotes":0,"Overvotes":0,"OutstackConditionIds":[7],"Marks":[]},{"Id":68,"ManifestationId":542,"Undervotes":0,"Overvotes":0,"OutstackConditionIds":[],"Marks":[{"CandidateId":217,"ManifestationId":4065,"PartyId":0,"Rank":1,"MarkDensity":100,"IsAmbiguous":false,"IsVote":true,"OutstackConditionIds":[]}]},{"Id":69,"ManifestationId":543,"Undervotes":0,"Overvotes":0,"OutstackConditionIds":[],"Marks":[{"CandidateId":220,"ManifestationId":4068,"PartyId":0,"Rank":1,"MarkDensity":100,"IsAmbiguous":false,"IsVote":true,"OutstackConditionIds":[]}]},{"Id":71,"ManifestationId":544,"Undervotes":0,"Overvotes":0,"OutstackConditionIds":[],"Marks":[{"CandidateId":224,"ManifestationId":4070,"PartyId":0,"Rank":1,"MarkDensity":100,"IsAmbiguous":false,"IsVote":true,"OutstackConditionIds":[]}]},{"Id":72,"ManifestationId":545,"Undervotes":0,"Overvotes":0,"OutstackConditionIds":[],"Marks":[{"CandidateId":226,"ManifestationId":4072,"PartyId":0,"Rank":1,"MarkDensity":100,"IsAmbiguous":false,"IsVote":true,"OutstackConditionIds":[]}]},{"Id":76,"ManifestationId":546,"Undervotes":0,"Overvotes":0,"OutstackConditionIds":[],"Marks":[{"CandidateId":234,"ManifestationId":4074,"PartyId":0,"Rank":1,"MarkDensity":100,"IsAmbiguous":false,"IsVote":true,"OutstackConditionIds":[]}]},{"Id":77,"ManifestationId":547,"Undervotes":0,"Overvotes":0,"OutstackConditionIds":[],"Marks":[{"CandidateId":236,"ManifestationId":4076,"PartyId":0,"Rank":1,"MarkDensity":100,"IsAmbiguous":false,"IsVote":true,"OutstackConditionIds":[]}]},{"Id":90,"ManifestationId":548,"Undervotes":0,"Overvotes":0,"OutstackConditionIds":[7],"Marks":[{"CandidateId":262,"ManifestationId":4078,"PartyId":0,"Rank":1,"MarkDensity":100,"IsAmbiguous":false,"IsVote":false,"OutstackConditionIds":[7]}]},{"Id":91,"ManifestationId":549,"Undervotes":0,"Overvotes":0,"OutstackConditionIds":[7],"Marks":[{"CandidateId":264,"ManifestationId":4080,"PartyId":0,"Rank":1,"MarkDensity":100,"IsAmbiguous":false,"IsVote":false,"OutstackConditionIds":[7]}]},{"Id":92,"ManifestationId":550,"Undervotes":0,"Overvotes":0,"OutstackConditionIds":[7],"Marks":[{"CandidateId":265,"ManifestationId":4081,"PartyId":0,"Rank":1,"MarkDensity":100,"IsAmbiguous":false,"IsVote":false,"OutstackConditionIds":[7]}]},{"Id":93,"ManifestationId":551,"Undervotes":0,"Overvotes":0,"OutstackConditionIds":[7],"Marks":[{"CandidateId":268,"ManifestationId":4084,"PartyId":0,"Rank":1,"MarkDensity":100,"IsAmbiguous":false,"IsVote":false,"OutstackConditionIds":[7]}]},{"Id":116,"ManifestationId":552,"Undervotes":0,"Overvotes":0,"OutstackConditionIds":[7],"Marks":[{"CandidateId":314,"ManifestationId":4086,"PartyId":0,"Rank":1,"MarkDensity":100,"IsAmbiguous":false,"IsVote":false,"OutstackConditionIds":[7]}]},{"Id":117,"ManifestationId":553,"Undervotes":0,"Overvotes":0,"OutstackConditionIds":[7],"Marks":[{"CandidateId":316,"ManifestationId":4088,"PartyId":0,"Rank":1,"MarkDensity":100,"IsAmbiguous":false,"IsVote":false,"OutstackConditionIds":[7]}]},{"Id":118,"ManifestationId":554,"Undervotes":0,"Overvotes":0,"OutstackConditionIds":[7],"Marks":[{"CandidateId":318,"ManifestationId":4090,"PartyId":0,"Rank":1,"MarkDensity":100,"IsAmbiguous":false,"IsVote":false,"OutstackConditionIds":[7]}]},{"Id":119,"ManifestationId":555,"Undervotes":0,"Overvotes":0,"OutstackConditionIds":[7],"Marks":[{"CandidateId":320,"ManifestationId":4092,"PartyId":0,"Rank":1,"MarkDensity":100,"IsAmbiguous":false,"IsVote":false,"OutstackConditionIds":[7]}]},{"Id":120,"ManifestationId":556,"Undervotes":0,"Overvotes":0,"OutstackConditionIds":[7],"Marks":[{"CandidateId":322,"ManifestationId":4094,"PartyId":0,"Rank":1,"MarkDensity":100,"IsAmbiguous":false,"IsVote":false,"OutstackConditionIds":[7]}]},{"Id":121,"ManifestationId":557,"Undervotes":0,"Overvotes":0,"OutstackConditionIds":[7],"Marks":[{"CandidateId":324,"ManifestationId":4096,"PartyId":0,"Rank":1,"MarkDensity":100,"IsAmbiguous":false,"IsVote":false,"OutstackConditionIds":[7]}]},{"Id":122,"ManifestationId":558,"Undervotes":0,"Overvotes":0,"OutstackConditionIds":[7],"Marks":[{"CandidateId":326,"ManifestationId":4098,"PartyId":0,"Rank":1,"MarkDensity":100,"IsAmbiguous":false,"IsVote":false,"OutstackConditionIds":[7]}]}],"OutstackConditionIds":[]}]}},{"TabulatorId":95307,"BatchId":6,"RecordId":6,"CountingGroupId":4,"ImageMask":"D:\\NAS\\2024 General Election\\Results\\Tabulator95307\\Batch006\\Images\\95307_00006_000006*.*","SessionType":"ScannedVote","VotingSessionIdentifier":"","UniqueVotingIdentifier":"","Original":{"PrecinctPortionId":508,"BallotTypeId":29,"IsCurrent":true,"Cards":[{"Id":1038,"KeyInId":1038,"PaperIndex":0,"Contests":[{"Id":4,"ManifestationId":538,"Undervotes":0,"Overvotes":0,"OutstackConditionIds":[14],"Marks":[{"CandidateId":543,"ManifestationId":3947,"PartyId":15,"Rank":1,"MarkDensity":100,"IsAmbiguous":false,"IsVote":true,"OutstackConditionIds":[]}]},{"Id":7,"ManifestationId":539,"Undervotes":0,"Overvotes":0,"OutstackConditionIds":[14],"Marks":[{"CandidateId":517,"ManifestationId":4009,"PartyId":15,"Rank":1,"MarkDensity":100,"IsAmbiguous":false,"IsVote":true,"OutstackConditionIds":[]}]},{"Id":21,"ManifestationId":540,"Undervotes":0,"Overvotes":0,"OutstackConditionIds":[7],"Marks":[]},{"Id":55,"ManifestationId":541,"Undervotes":0,"Overvotes":0,"OutstackConditionIds":[7],"Marks":[]},{"Id":68,"ManifestationId":542,"Undervotes":0,"Overvotes":0,"OutstackConditionIds":[],"Marks":[{"CandidateId":218,"ManifestationId":4066,"PartyId":0,"Rank":1,"MarkDensity":100,"IsAmbiguous":false,"IsVote":true,"OutstackConditionIds":[]}]},{"Id":69,"ManifestationId":543,"Undervotes":0,"Overvotes":0,"OutstackConditionIds":[],"Marks":[{"CandidateId":219,"ManifestationId":4067,"PartyId":0,"Rank":1,"MarkDensity":100,"IsAmbiguous":false,"IsVote":true,"OutstackConditionIds":[]}]},{"Id":71,"ManifestationId":544,"Undervotes":0,"Overvotes":0,"OutstackConditionIds":[],"Marks":[{"CandidateId":223,"ManifestationId":4069,"PartyId":0,"Rank":1,"MarkDensity":100,"IsAmbiguous":false,"IsVote":true,"OutstackConditionIds":[]}]},{"Id":72,"ManifestationId":545,"Undervotes":0,"Overvotes":0,"OutstackConditionIds":[],"Marks":[{"CandidateId":225,"ManifestationId":4071,"PartyId":0,"Rank":1,"MarkDensity":100,"IsAmbiguous":false,"IsVote":true,"OutstackConditionIds":[]}]},{"Id":76,"ManifestationId":546,"Undervotes":0,"Overvotes":0,"OutstackConditionIds":[],"Marks":[{"CandidateId":233,"ManifestationId":4073,"PartyId":0,"Rank":1,"MarkDensity":100,"IsAmbiguous":false,"IsVote":true,"OutstackConditionIds":[]}]},{"Id":77,"ManifestationId":547,"Undervotes":0,"Overvotes":0,"OutstackConditionIds":[],"Marks":[{"CandidateId":235,"ManifestationId":4075,"PartyId":0,"Rank":1,"MarkDensity":100,"IsAmbiguous":false,"IsVote":true,"OutstackConditionIds":[]}]},{"Id":90,"ManifestationId":548,"Undervotes":0,"Overvotes":0,"OutstackConditionIds":[7],"Marks":[]},{"Id":91,"ManifestationId":549,"Undervotes":0,"Overvotes":0,"OutstackConditionIds":[7],"Marks":[]},{"Id":92,"ManifestationId":550,"Undervotes":0,"Overvotes":0,"OutstackConditionIds":[7],"Marks":[]},{"Id":93,"ManifestationId":551,"Undervotes":0,"Overvotes":0,"OutstackConditionIds":[7],"Marks":[]},{"Id":116,"ManifestationId":552,"Undervotes":0,"Overvotes":0,"OutstackConditionIds":[7],"Marks":[]},{"Id":117,"ManifestationId":553,"Undervotes":0,"Overvotes":0,"OutstackConditionIds":[7],"Marks":[]},{"Id":118,"ManifestationId":554,"Undervotes":0,"Overvotes":0,"OutstackConditionIds":[7],"Marks":[]},{"Id":119,"ManifestationId":555,"Undervotes":0,"Overvotes":0,"OutstackConditionIds":[7],"Marks":[]},{"Id":120,"ManifestationId":556,"Undervotes":0,"Overvotes":0,"OutstackConditionIds":[7],"Marks":[]},{"Id":121,"ManifestationId":557,"Undervotes":0,"Overvotes":0,"OutstackConditionIds":[7],"Marks":[]},{"Id":122,"ManifestationId":558,"Undervotes":0,"Overvotes":0,"OutstackConditionIds":[7],"Marks":[]}],"OutstackConditionIds":[]}]}},{"TabulatorId":95307,"BatchId":6,"RecordId":3,"CountingGroupId":4,"ImageMask":"D:\\NAS\\2024 General Election\\Results\\Tabulator95307\\Batch006\\Images\\95307_00006_000003*.*","SessionType":"ScannedVote","VotingSessionIdentifier":"","UniqueVotingIdentifier":"","Original":{"PrecinctPortionId":508,"BallotTypeId":29,"IsCurrent":true,"Cards":[{"Id":1038,"KeyInId":1038,"PaperIndex":0,"Contests":[{"Id":4,"ManifestationId":538,"Undervotes":0,"Overvotes":0,"OutstackConditionIds":[],"Marks":[{"CandidateId":543,"ManifestationId":3947,"PartyId":15,"Rank":1,"MarkDensity":100,"IsAmbiguous":false,"IsVote":true,"OutstackConditionIds":[]},{"CandidateId":554,"ManifestationId":3958,"PartyId":18,"Rank":2,"MarkDensity":100,"IsAmbiguous":false,"IsVote":true,"OutstackConditionIds":[]},{"CandidateId":540,"ManifestationId":3967,"PartyId":10,"Rank":3,"MarkDensity":100,"IsAmbiguous":false,"IsVote":true,"OutstackConditionIds":[]},{"CandidateId":547,"ManifestationId":3968,"PartyId":19,"Rank":4,"MarkDensity":100,"IsAmbiguous":false,"IsVote":true,"OutstackConditionIds":[]},{"CandidateId":545,"ManifestationId":3977,"PartyId":18,"Rank":5,"MarkDensity":100,"IsAmbiguous":false,"IsVote":true,"OutstackConditionIds":[]},{"CandidateId":546,"ManifestationId":3986,"PartyId":5,"Rank":6,"MarkDensity":100,"IsAmbiguous":false,"IsVote":true,"OutstackConditionIds":[]},{"CandidateId":541,"ManifestationId":3996,"PartyId":6,"Rank":7,"MarkDensity":100,"IsAmbiguous":false,"IsVote":true,"OutstackConditionIds":[]},{"CandidateId":542,"ManifestationId":4005,"PartyId":7,"Rank":8,"MarkDensity":100,"IsAmbiguous":false,"IsVote":true,"OutstackConditionIds":[]}]},{"Id":7,"ManifestationId":539,"Undervotes":0,"Overvotes":0,"OutstackConditionIds":[14],"Marks":[{"CandidateId":520,"ManifestationId":4011,"PartyId":3,"Rank":1,"MarkDensity":100,"IsAmbiguous":false,"IsVote":true,"OutstackConditionIds":[]},{"CandidateId":552,"ManifestationId":4015,"PartyId":7,"Rank":2,"MarkDensity":100,"IsAmbiguous":false,"IsVote":true,"OutstackConditionIds":[]},{"CandidateId":517,"ManifestationId":4019,"PartyId":15,"Rank":3,"MarkDensity":100,"IsAmbiguous":false,"IsVote":true,"OutstackConditionIds":[]},{"CandidateId":518,"ManifestationId":4023,"PartyId":7,"Rank":4,"MarkDensity":100,"IsAmbiguous":false,"IsVote":true,"OutstackConditionIds":[]}]},{"Id":21,"ManifestationId":540,"Undervotes":0,"Overvotes":0,"OutstackConditionIds":[7],"Marks":[{"CandidateId":376,"ManifestationId":4035,"PartyId":15,"Rank":1,"MarkDensity":100,"IsAmbiguous":false,"IsVote":false,"OutstackConditionIds":[7]},{"CandidateId":375,"ManifestationId":4038,"PartyId":15,"Rank":2,"MarkDensity":100,"IsAmbiguous":false,"IsVote":false,"OutstackConditionIds":[7]},{"CandidateId":374,"ManifestationId":4041,"PartyId":15,"Rank":3,"MarkDensity":100,"IsAmbiguous":false,"IsVote":false,"OutstackConditionIds":[7]}]},{"Id":55,"ManifestationId":541,"Undervotes":0,"Overvotes":0,"OutstackConditionIds":[7],"Marks":[{"CandidateId":439,"ManifestationId":4051,"PartyId":15,"Rank":1,"MarkDensity":100,"IsAmbiguous":false,"IsVote":false,"OutstackConditionIds":[7]},{"CandidateId":438,"ManifestationId":4054,"PartyId":15,"Rank":2,"MarkDensity":100,"IsAmbiguous":false,"IsVote":false,"OutstackConditionIds":[7]},{"CandidateId":437,"ManifestationId":4057,"PartyId":15,"Rank":3,"MarkDensity":100,"IsAmbiguous":false,"IsVote":false,"OutstackConditionIds":[7]}]},{"Id":68,"ManifestationId":542,"Undervotes":0,"Overvotes":0,"OutstackConditionIds":[],"Marks":[{"CandidateId":217,"ManifestationId":4065,"PartyId":0,"Rank":1,"MarkDensity":100,"IsAmbiguous":false,"IsVote":true,"OutstackConditionIds":[]}]},{"Id":69,"ManifestationId":543,"Undervotes":0,"Overvotes":0,"OutstackConditionIds":[],"Marks":[{"CandidateId":220,"ManifestationId":4068,"PartyId":0,"Rank":1,"MarkDensity":100,"IsAmbiguous":false,"IsVote":true,"OutstackConditionIds":[]}]},{"Id":71,"ManifestationId":544,"Undervotes":0,"Overvotes":0,"OutstackConditionIds":[],"Marks":[{"CandidateId":224,"ManifestationId":4070,"PartyId":0,"Rank":1,"MarkDensity":100,"IsAmbiguous":false,"IsVote":true,"OutstackConditionIds":[]}]},{"Id":72,"ManifestationId":545,"Undervotes":0,"Overvotes":0,"OutstackConditionIds":[],"Marks":[{"CandidateId":226,"ManifestationId":4072,"PartyId":0,"Rank":1,"MarkDensity":100,"IsAmbiguous":false,"IsVote":true,"OutstackConditionIds":[]}]},{"Id":76,"ManifestationId":546,"Undervotes":0,"Overvotes":0,"OutstackConditionIds":[],"Marks":[{"CandidateId":234,"ManifestationId":4074,"PartyId":0,"Rank":1,"MarkDensity":100,"IsAmbiguous":false,"IsVote":true,"OutstackConditionIds":[]}]},{"Id":77,"ManifestationId":547,"Undervotes":0,"Overvotes":0,"OutstackConditionIds":[],"Marks":[{"CandidateId":236,"ManifestationId":4076,"PartyId":0,"Rank":1,"MarkDensity":100,"IsAmbiguous":false,"IsVote":true,"OutstackConditionIds":[]}]},{"Id":90,"ManifestationId":548,"Undervotes":0,"Overvotes":0,"OutstackConditionIds":[7],"Marks":[{"CandidateId":262,"ManifestationId":4078,"PartyId":0,"Rank":1,"MarkDensity":100,"IsAmbiguous":false,"IsVote":false,"OutstackConditionIds":[7]}]},{"Id":91,"ManifestationId":549,"Undervotes":0,"Overvotes":0,"OutstackConditionIds":[7],"Marks":[{"CandidateId":264,"ManifestationId":4080,"PartyId":0,"Rank":1,"MarkDensity":100,"IsAmbiguous":false,"IsVote":false,"OutstackConditionIds":[7]}]},{"Id":92,"ManifestationId":550,"Undervotes":0,"Overvotes":0,"OutstackConditionIds":[7],"Marks":[{"CandidateId":266,"ManifestationId":4082,"PartyId":0,"Rank":1,"MarkDensity":100,"IsAmbiguous":false,"IsVote":false,"OutstackConditionIds":[7]}]},{"Id":93,"ManifestationId":551,"Undervotes":0,"Overvotes":0,"OutstackConditionIds":[7],"Marks":[{"CandidateId":268,"ManifestationId":4084,"PartyId":0,"Rank":1,"MarkDensity":100,"IsAmbiguous":false,"IsVote":false,"OutstackConditionIds":[7]}]},{"Id":116,"ManifestationId":552,"Undervotes":0,"Overvotes":0,"OutstackConditionIds":[7],"Marks":[{"CandidateId":314,"ManifestationId":4086,"PartyId":0,"Rank":1,"MarkDensity":100,"IsAmbiguous":false,"IsVote":false,"OutstackConditionIds":[7]}]},{"Id":117,"ManifestationId":553,"Undervotes":0,"Overvotes":0,"OutstackConditionIds":[7],"Marks":[{"CandidateId":316,"ManifestationId":4088,"PartyId":0,"Rank":1,"MarkDensity":100,"IsAmbiguous":false,"IsVote":false,"OutstackConditionIds":[7]}]},{"Id":118,"ManifestationId":554,"Undervotes":0,"Overvotes":0,"OutstackConditionIds":[7],"Marks":[{"CandidateId":318,"ManifestationId":4090,"PartyId":0,"Rank":1,"MarkDensity":100,"IsAmbiguous":false,"IsVote":false,"OutstackConditionIds":[7]}]},{"Id":119,"ManifestationId":555,"Undervotes":0,"Overvotes":0,"OutstackConditionIds":[7],"Marks":[{"CandidateId":320,"ManifestationId":4092,"PartyId":0,"Rank":1,"MarkDensity":100,"IsAmbiguous":false,"IsVote":false,"OutstackConditionIds":[7]}]},{"Id":120,"ManifestationId":556,"Undervotes":0,"Overvotes":0,"OutstackConditionIds":[7],"Marks":[{"CandidateId":322,"ManifestationId":4094,"PartyId":0,"Rank":1,"MarkDensity":100,"IsAmbiguous":false,"IsVote":false,"OutstackConditionIds":[7]}]},{"Id":121,"ManifestationId":557,"Undervotes":0,"Overvotes":0,"OutstackConditionIds":[7],"Marks":[{"CandidateId":324,"ManifestationId":4096,"PartyId":0,"Rank":1,"MarkDensity":100,"IsAmbiguous":false,"IsVote":false,"OutstackConditionIds":[7]}]},{"Id":122,"ManifestationId":558,"Undervotes":0,"Overvotes":0,"OutstackConditionIds":[7],"Marks":[{"CandidateId":326,"ManifestationId":4098,"PartyId":0,"Rank":1,"MarkDensity":100,"IsAmbiguous":false,"IsVote":false,"OutstackConditionIds":[7]}]}],"OutstackConditionIds":[]}]}},{"TabulatorId":95307,"BatchId":6,"RecordId":2,"CountingGroupId":4,"ImageMask":"D:\\NAS\\2024 General Election\\Results\\Tabulator95307\\Batch006\\Images\\95307_00006_000002*.*","SessionType":"ScannedVote","VotingSessionIdentifier":"","UniqueVotingIdentifier":"","Original":{"PrecinctPortionId":508,"BallotTypeId":29,"IsCurrent":true,"Cards":[{"Id":1038,"KeyInId":1038,"PaperIndex":0,"Contests":[{"Id":4,"ManifestationId":538,"Undervotes":0,"Overvotes":0,"OutstackConditionIds":[14],"Marks":[{"CandidateId":543,"ManifestationId":3947,"PartyId":15,"Rank":1,"MarkDensity":100,"IsAmbiguous":false,"IsVote":true,"OutstackConditionIds":[]}]},{"Id":7,"ManifestationId":539,"Undervotes":0,"Overvotes":0,"OutstackConditionIds":[14],"Marks":[{"CandidateId":517,"ManifestationId":4009,"PartyId":15,"Rank":1,"MarkDensity":100,"IsAmbiguous":false,"IsVote":true,"OutstackConditionIds":[]}]},{"Id":21,"ManifestationId":540,"Undervotes":0,"Overvotes":0,"OutstackConditionIds":[7],"Marks":[{"CandidateId":376,"ManifestationId":4035,"PartyId":15,"Rank":1,"MarkDensity":100,"IsAmbiguous":false,"IsVote":false,"OutstackConditionIds":[7]}]},{"Id":55,"ManifestationId":541,"Undervotes":0,"Overvotes":0,"OutstackConditionIds":[7],"Marks":[{"CandidateId":437,"ManifestationId":4049,"PartyId":15,"Rank":1,"MarkDensity":100,"IsAmbiguous":false,"IsVote":false,"OutstackConditionIds":[7]}]},{"Id":68,"ManifestationId":542,"Undervotes":0,"Overvotes":0,"OutstackConditionIds":[],"Marks":[{"CandidateId":218,"ManifestationId":4066,"PartyId":0,"Rank":1,"MarkDensity":100,"IsAmbiguous":false,"IsVote":true,"OutstackConditionIds":[]}]},{"Id":69,"ManifestationId":543,"Undervotes":0,"Overvotes":0,"OutstackConditionIds":[],"Marks":[{"CandidateId":219,"ManifestationId":4067,"PartyId":0,"Rank":1,"MarkDensity":100,"IsAmbiguous":false,"IsVote":true,"OutstackConditionIds":[]}]},{"Id":71,"ManifestationId":544,"Undervotes":0,"Overvotes":0,"OutstackConditionIds":[],"Marks":[{"CandidateId":224,"ManifestationId":4070,"PartyId":0,"Rank":1,"MarkDensity":100,"IsAmbiguous":false,"IsVote":true,"OutstackConditionIds":[]}]},{"Id":72,"ManifestationId":545,"Undervotes":0,"Overvotes":0,"OutstackConditionIds":[],"Marks":[{"CandidateId":226,"ManifestationId":4072,"PartyId":0,"Rank":1,"MarkDensity":100,"IsAmbiguous":false,"IsVote":true,"OutstackConditionIds":[]}]},{"Id":76,"ManifestationId":546,"Undervotes":0,"Overvotes":0,"OutstackConditionIds":[],"Marks":[{"CandidateId":234,"ManifestationId":4074,"PartyId":0,"Rank":1,"MarkDensity":100,"IsAmbiguous":false,"IsVote":true,"OutstackConditionIds":[]}]},{"Id":77,"ManifestationId":547,"Undervotes":0,"Overvotes":0,"OutstackConditionIds":[],"Marks":[{"CandidateId":236,"ManifestationId":4076,"PartyId":0,"Rank":1,"MarkDensity":100,"IsAmbiguous":false,"IsVote":true,"OutstackConditionIds":[]}]},{"Id":90,"ManifestationId":548,"Undervotes":0,"Overvotes":0,"OutstackConditionIds":[7],"Marks":[{"CandidateId":262,"ManifestationId":4078,"PartyId":0,"Rank":1,"MarkDensity":100,"IsAmbiguous":false,"IsVote":false,"OutstackConditionIds":[7]}]},{"Id":91,"ManifestationId":549,"Undervotes":0,"Overvotes":0,"OutstackConditionIds":[7],"Marks":[{"CandidateId":264,"ManifestationId":4080,"PartyId":0,"Rank":1,"MarkDensity":100,"IsAmbiguous":false,"IsVote":false,"OutstackConditionIds":[7]}]},{"Id":92,"ManifestationId":550,"Undervotes":0,"Overvotes":0,"OutstackConditionIds":[7],"Marks":[{"CandidateId":266,"ManifestationId":4082,"PartyId":0,"Rank":1,"MarkDensity":100,"IsAmbiguous":false,"IsVote":false,"OutstackConditionIds":[7]}]},{"Id":93,"ManifestationId":551,"Undervotes":0,"Overvotes":0,"OutstackConditionIds":[7],"Marks":[{"CandidateId":268,"ManifestationId":4084,"PartyId":0,"Rank":1,"MarkDensity":100,"IsAmbiguous":false,"IsVote":false,"OutstackConditionIds":[7]}]},{"Id":116,"ManifestationId":552,"Undervotes":0,"Overvotes":0,"OutstackConditionIds":[7],"Marks":[{"CandidateId":314,"ManifestationId":4086,"PartyId":0,"Rank":1,"MarkDensity":100,"IsAmbiguous":false,"IsVote":false,"OutstackConditionIds":[7]}]},{"Id":117,"ManifestationId":553,"Undervotes":0,"Overvotes":0,"OutstackConditionIds":[7],"Marks":[{"CandidateId":316,"ManifestationId":4088,"PartyId":0,"Rank":1,"MarkDensity":100,"IsAmbiguous":false,"IsVote":false,"OutstackConditionIds":[7]}]},{"Id":118,"ManifestationId":554,"Undervotes":0,"Overvotes":0,"OutstackConditionIds":[7],"Marks":[{"CandidateId":318,"ManifestationId":4090,"PartyId":0,"Rank":1,"MarkDensity":100,"IsAmbiguous":false,"IsVote":false,"OutstackConditionIds":[7]}]},{"Id":119,"ManifestationId":555,"Undervotes":0,"Overvotes":0,"OutstackConditionIds":[7],"Marks":[{"CandidateId":320,"ManifestationId":4092,"PartyId":0,"Rank":1,"MarkDensity":100,"IsAmbiguous":false,"IsVote":false,"OutstackConditionIds":[7]}]},{"Id":120,"ManifestationId":556,"Undervotes":0,"Overvotes":0,"OutstackConditionIds":[7],"Marks":[{"CandidateId":322,"ManifestationId":4094,"PartyId":0,"Rank":1,"MarkDensity":100,"IsAmbiguous":false,"IsVote":false,"OutstackConditionIds":[7]}]},{"Id":121,"ManifestationId":557,"Undervotes":0,"Overvotes":0,"OutstackConditionIds":[7],"Marks":[{"CandidateId":324,"ManifestationId":4096,"PartyId":0,"Rank":1,"MarkDensity":100,"IsAmbiguous":false,"IsVote":false,"OutstackConditionIds":[7]}]},{"Id":122,"ManifestationId":558,"Undervotes":0,"Overvotes":0,"OutstackConditionIds":[7],"Marks":[{"CandidateId":326,"ManifestationId":4098,"PartyId":0,"Rank":1,"MarkDensity":100,"IsAmbiguous":false,"IsVote":false,"OutstackConditionIds":[7]}]}],"OutstackConditionIds":[]}]}},{"TabulatorId":95307,"BatchId":6,"RecordId":5,"CountingGroupId":4,"ImageMask":"D:\\NAS\\2024 General Election\\Results\\Tabulator95307\\Batch006\\Images\\95307_00006_000005*.*","SessionType":"ScannedVote","VotingSessionIdentifier":"","UniqueVotingIdentifier":"","Original":{"PrecinctPortionId":508,"BallotTypeId":29,"IsCurrent":true,"Cards":[{"Id":1038,"KeyInId":1038,"PaperIndex":0,"Contests":[{"Id":4,"ManifestationId":538,"Undervotes":0,"Overvotes":0,"OutstackConditionIds":[14],"Marks":[{"CandidateId":543,"ManifestationId":3947,"PartyId":15,"Rank":1,"MarkDensity":100,"IsAmbiguous":false,"IsVote":true,"OutstackConditionIds":[]}]},{"Id":7,"ManifestationId":539,"Undervotes":0,"Overvotes":0,"OutstackConditionIds":[14],"Marks":[{"CandidateId":517,"ManifestationId":4009,"PartyId":15,"Rank":1,"MarkDensity":100,"IsAmbiguous":false,"IsVote":true,"OutstackConditionIds":[]}]},{"Id":21,"ManifestationId":540,"Undervotes":0,"Overvotes":0,"OutstackConditionIds":[7],"Marks":[]},{"Id":55,"ManifestationId":541,"Undervotes":0,"Overvotes":0,"OutstackConditionIds":[7],"Marks":[]},{"Id":68,"ManifestationId":542,"Undervotes":0,"Overvotes":0,"OutstackConditionIds":[],"Marks":[{"CandidateId":218,"ManifestationId":4066,"PartyId":0,"Rank":1,"MarkDensity":100,"IsAmbiguous":false,"IsVote":true,"OutstackConditionIds":[]}]},{"Id":69,"ManifestationId":543,"Undervotes":0,"Overvotes":0,"OutstackConditionIds":[],"Marks":[{"CandidateId":219,"ManifestationId":4067,"PartyId":0,"Rank":1,"MarkDensity":100,"IsAmbiguous":false,"IsVote":true,"OutstackConditionIds":[]}]},{"Id":71,"ManifestationId":544,"Undervotes":1,"Overvotes":0,"OutstackConditionIds":[4,6],"Marks":[]},{"Id":72,"ManifestationId":545,"Undervotes":1,"Overvotes":0,"OutstackConditionIds":[4,6],"Marks":[]},{"Id":76,"ManifestationId":546,"Undervotes":1,"Overvotes":0,"OutstackConditionIds":[4,6],"Marks":[]},{"Id":77,"ManifestationId":547,"Undervotes":1,"Overvotes":0,"OutstackConditionIds":[4,6],"Marks":[]},{"Id":90,"ManifestationId":548,"Undervotes":0,"Overvotes":0,"OutstackConditionIds":[7],"Marks":[]},{"Id":91,"ManifestationId":549,"Undervotes":0,"Overvotes":0,"OutstackConditionIds":[7],"Marks":[]},{"Id":92,"ManifestationId":550,"Undervotes":0,"Overvotes":0,"OutstackConditionIds":[7],"Marks":[]},{"Id":93,"ManifestationId":551,"Undervotes":0,"Overvotes":0,"OutstackConditionIds":[7],"Marks":[]},{"Id":116,"ManifestationId":552,"Undervotes":0,"Overvotes":0,"OutstackConditionIds":[7],"Marks":[]},{"Id":117,"ManifestationId":553,"Undervotes":0,"Overvotes":0,"OutstackConditionIds":[7],"Marks":[]},{"Id":118,"ManifestationId":554,"Undervotes":0,"Overvotes":0,"OutstackConditionIds":[7],"Marks":[]},{"Id":119,"ManifestationId":555,"Undervotes":0,"Overvotes":0,"OutstackConditionIds":[7],"Marks":[]},{"Id":120,"ManifestationId":556,"Undervotes":0,"Overvotes":0,"OutstackConditionIds":[7],"Marks":[]},{"Id":121,"ManifestationId":557,"Undervotes":0,"Overvotes":0,"OutstackConditionIds":[7],"Marks":[]},{"Id":122,"ManifestationId":558,"Undervotes":0,"Overvotes":0,"OutstackConditionIds":[7],"Marks":[]}],"OutstackConditionIds":[]}]}}]}