{"Version":"5.17.18.1","ElectionId":"2024 General Election","Sessions":[{"TabulatorId":95307,"BatchId":5,"RecordId":1,"CountingGroupId":4,"ImageMask":"D:\\NAS\\2024 General Election\\Results\\Tabulator95307\\Batch005\\Images\\95307_00005_000001*.*","SessionType":"ScannedVote","VotingSessionIdentifier":"","UniqueVotingIdentifier":"","Original":{"PrecinctPortionId":507,"BallotTypeId":28,"IsCurrent":true,"Cards":[{"Id":1037,"KeyInId":1037,"PaperIndex":0,"Contests":[{"Id":4,"ManifestationId":517,"Undervotes":0,"Overvotes":0,"OutstackConditionIds":[14],"Marks":[{"CandidateId":542,"ManifestationId":3802,"PartyId":7,"Rank":1,"MarkDensity":100,"IsAmbiguous":false,"IsVote":true,"OutstackConditionIds":[]}]},{"Id":7,"ManifestationId":518,"Undervotes":0,"Overvotes":0,"OutstackConditionIds":[14],"Marks":[{"CandidateId":518,"ManifestationId":3861,"PartyId":7,"Rank":1,"MarkDensity":100,"IsAmbiguous":false,"IsVote":true,"OutstackConditionIds":[]}]},{"Id":21,"ManifestationId":519,"Undervotes":0,"Overvotes":0,"OutstackConditionIds":[7],"Marks":[{"CandidateId":374,"ManifestationId":3886,"PartyId":15,"Rank":1,"MarkDensity":100,"IsAmbiguous":false,"IsVote":false,"OutstackConditionIds":[7]}]},{"Id":54,"ManifestationId":520,"Undervotes":0,"Overvotes":0,"OutstackConditionIds":[7],"Marks":[{"CandidateId":436,"ManifestationId":3902,"PartyId":15,"Rank":1,"MarkDensity":100,"IsAmbiguous":false,"IsVote":false,"OutstackConditionIds":[7]}]},{"Id":68,"ManifestationId":521,"Undervotes":1,"Overvotes":0,"OutstackConditionIds":[4,6],"Marks":[]},{"Id":69,"ManifestationId":522,"Undervotes":1,"Overvotes":0,"OutstackConditionIds":[4,6],"Marks":[]},{"Id":71,"ManifestationId":523,"Undervotes":0,"Overvotes":0,"OutstackConditionIds":[],"Marks":[{"CandidateId":224,"ManifestationId":3915,"PartyId":0,"Rank":1,"MarkDensity":100,"IsAmbiguous":false,"IsVote":true,"OutstackConditionIds":[]}]},{"Id":72,"ManifestationId":524,"Undervotes":0,"Overvotes":0,"OutstackConditionIds":[],"Marks":[{"CandidateId":226,"ManifestationId":3917,"PartyId":0,"Rank":1,"MarkDensity":100,"IsAmbiguous":false,"IsVote":true,"OutstackConditionIds":[]}]},{"Id":76,"ManifestationId":525,"Undervotes":0,"Overvotes":0,"OutstackConditionIds":[],"Marks":[{"CandidateId":234,"ManifestationId":3919,"PartyId":0,"Rank":1,"MarkDensity":100,"IsAmbiguous":false,"IsVote":true,"OutstackConditionIds":[]}]},{"Id":77,"ManifestationId":526,"Undervotes":0,"Overvotes":0,"OutstackConditionIds":[],"Marks":[{"CandidateId":236,"ManifestationId":3921,"PartyId":0,"Rank":1,"MarkDensity":100,"IsAmbiguous":false,"IsVote":true,"OutstackConditionIds":[]}]},{"Id":90,"ManifestationId":527,"Undervotes":0,"Overvotes":0,"OutstackConditionIds":[7],"Marks":[{"CandidateId":261,"ManifestationId":3922,"PartyId":0,"Rank":1,"MarkDensity":100,"IsAmbiguous":false,"IsVote":false,"OutstackConditionIds":[7]}]},{"Id":91,"ManifestationId":528,"Undervotes":0,"Overvotes":0,"OutstackConditionIds":[7],"Marks":[{"CandidateId":264,"ManifestationId":3925,"PartyId":0,"Rank":1,"MarkDensity":100,"IsAmbiguous":false,"IsVote":false,"OutstackConditionIds":[7]}]},{"Id":92,"ManifestationId":529,"Undervotes":0,"Overvotes":0,"OutstackConditionIds":[7],"Marks":[{"CandidateId":266,"ManifestationId":3927,"PartyId":0,"Rank":1,"MarkDensity":100,"IsAmbiguous":false,"IsVote":false,"OutstackConditionIds":[7]}]},{"Id":93,"ManifestationId":530,"Undervotes":0,"Overvotes":0,"OutstackConditionIds":[7],"Marks":[{"CandidateId":268,"ManifestationId":3929,"PartyId":0,"Rank":1,"MarkDensity":100,"IsAmbiguous":false,"IsVote":false,"OutstackConditionIds":[7]}]},{"Id":116,"ManifestationId":531,"Undervotes":0,"Overvotes":0,"OutstackConditionIds":[7],"Marks":[{"CandidateId":314,"ManifestationId":3931,"PartyId":0,"Rank":1,"MarkDensity":100,"IsAmbiguous":false,"IsVote":false,"OutstackConditionIds":[7]}]},{"Id":117,"ManifestationId":532,"Undervotes":0,"Overvotes":0,"OutstackConditionIds":[7],"Marks":[{"CandidateId":316,"ManifestationId":3933,"PartyId":0,"Rank":1,"MarkDensity":100,"IsAmbiguous":false,"IsVote":false,"OutstackConditionIds":[7]}]},{"Id":118,"ManifestationId":533,"Undervotes":0,"Overvotes":0,"OutstackConditionIds":[7],"Marks":[{"CandidateId":318,"ManifestationId":3935,"PartyId":0,"Rank":1,"MarkDensity":100,"IsAmbiguous":false,"IsVote":false,"OutstackConditionIds":[7]}]},{"Id":119,"ManifestationId":534,"Undervotes":0,"Overvotes":0,"OutstackConditionIds":[7],"Marks":[{"CandidateId":320,"ManifestationId":3937,"PartyId":0,"Rank":1,"MarkDensity":100,"IsAmbiguous":false,"IsVote":false,"OutstackConditionIds":[7]}]},{"Id":120,"ManifestationId":535,"Undervotes":0,"Overvotes":0,"OutstackConditionIds":[7],"Marks":[{"CandidateId":322,"ManifestationId":3939,"PartyId":0,"Rank":1,"MarkDensity":100,"IsAmbiguous":false,"IsVote":false,"OutstackConditionIds":[7]}]},{"Id":121,"ManifestationId":536,"Undervotes":0,"Overvotes":0,"OutstackConditionIds":[7],"Marks":[{"CandidateId":324,"ManifestationId":3941,"PartyId":0,"Rank":1,"MarkDensity":100,"IsAmbiguous":false,"IsVote":false,"OutstackConditionIds":[7]}]},{"Id":122,"ManifestationId":537,"Undervotes":0,"Overvotes":0,"OutstackConditionIds":[7],"Marks":[{"CandidateId":326,"ManifestationId":3943,"PartyId":0,"Rank":1,"MarkDensity":100,"IsAmbiguous":false,"IsVote":false,"OutstackConditionIds":[7]}]}],"OutstackConditionIds":[]}]}},{"TabulatorId":95307,"BatchId":5,"RecordId":16,"CountingGroupId":4,"ImageMask":"D:\\NAS\\2024 General Election\\Results\\Tabulator95307\\Batch005\\Images\\95307_00005_000016*.*","SessionType":"ScannedVote","VotingSessionIdentifier":"","UniqueVotingIdentifier":"","Original":{"PrecinctPortionId":507,"BallotTypeId":28,"IsCurrent":true,"Cards":[{"Id":1037,"KeyInId":1037,"PaperIndex":0,"Contests":[{"Id":4,"ManifestationId":517,"Undervotes":0,"Overvotes":0,"OutstackConditionIds":[14],"Marks":[{"CandidateId":543,"ManifestationId":3800,"PartyId":15,"Rank":1,"MarkDensity":100,"IsAmbiguous":false,"IsVote":true,"OutstackConditionIds":[]}]},{"Id":7,"ManifestationId":518,"Undervotes":0,"Overvotes":0,"OutstackConditionIds":[14],"Marks":[{"CandidateId":520,"ManifestationId":3860,"PartyId":3,"Rank":1,"MarkDensity":100,"IsAmbiguous":false,"IsVote":true,"OutstackConditionIds":[]}]},{"Id":21,"ManifestationId":519,"Undervotes":0,"Overvotes":0,"OutstackConditionIds":[7],"Marks":[{"CandidateId":376,"ManifestationId":3885,"PartyId":15,"Rank":1,"MarkDensity":100,"IsAmbiguous":false,"IsVote":false,"OutstackConditionIds":[7]}]},{"Id":54,"ManifestationId":520,"Undervotes":0,"Overvotes":0,"OutstackConditionIds":[7],"Marks":[{"CandidateId":435,"ManifestationId":3901,"PartyId":15,"Rank":1,"MarkDensity":100,"IsAmbiguous":false,"IsVote":false,"OutstackConditionIds":[7]},{"CandidateId":436,"ManifestationId":3905,"PartyId":15,"Rank":2,"MarkDensity":100,"IsAmbiguous":false,"IsVote":false,"OutstackConditionIds":[7]}]},{"Id":68,"ManifestationId":521,"Undervotes":0,"Overvotes":0,"OutstackConditionIds":[],"Marks":[{"CandidateId":218,"ManifestationId":3911,"PartyId":0,"Rank":1,"MarkDensity":100,"IsAmbiguous":false,"IsVote":true,"OutstackConditionIds":[]}]},{"Id":69,"ManifestationId":522,"Undervotes":0,"Overvotes":0,"OutstackConditionIds":[],"Marks":[{"CandidateId":220,"ManifestationId":3913,"PartyId":0,"Rank":1,"MarkDensity":100,"IsAmbiguous":false,"IsVote":true,"OutstackConditionIds":[]}]},{"Id":71,"ManifestationId":523,"Undervotes":0,"Overvotes":0,"OutstackConditionIds":[],"Marks":[{"CandidateId":223,"ManifestationId":3914,"PartyId":0,"Rank":1,"MarkDensity":100,"IsAmbiguous":false,"IsVote":true,"OutstackConditionIds":[]}]},{"Id":72,"ManifestationId":524,"Undervotes":0,"Overvotes":0,"OutstackConditionIds":[],"Marks":[{"CandidateId":226,"ManifestationId":3917,"PartyId":0,"Rank":1,"MarkDensity":100,"IsAmbiguous":false,"IsVote":true,"OutstackConditionIds":[]}]},{"Id":76,"ManifestationId":525,"Undervotes":1,"Overvotes":0,"OutstackConditionIds":[4,6],"Marks":[]},{"Id":77,"ManifestationId":526,"Undervotes":1,"Overvotes":0,"OutstackConditionIds":[4,6],"Marks":[]},{"Id":90,"ManifestationId":527,"Undervotes":0,"Overvotes":0,"OutstackConditionIds":[7],"Marks":[]},{"Id":91,"ManifestationId":528,"Undervotes":0,"Overvotes":0,"OutstackConditionIds":[7],"Marks":[]},{"Id":92,"ManifestationId":529,"Undervotes":0,"Overvotes":0,"OutstackConditionIds":[7],"Marks":[]},{"Id":93,"ManifestationId":530,"Undervotes":0,"Overvotes":0,"OutstackConditionIds":[7],"Marks":[]},{"Id":116,"ManifestationId":531,"Undervotes":0,"Overvotes":0,"OutstackConditionIds":[7],"Marks":[]},{"Id":117,"ManifestationId":532,"Undervotes":0,"Overvotes":0,"OutstackConditionIds":[7],"Marks":[]},{"Id":118,"ManifestationId":533,"Undervotes":0,"Overvotes":0,"OutstackConditionIds":[7],"Marks":[]},{"Id":119,"ManifestationId":534,"Undervotes":0,"Overvotes":0,"OutstackConditionIds":[7],"Marks":[]},{"Id":120,"ManifestationId":535,"Undervotes":0,"Overvotes":0,"OutstackConditionIds":[7],"Marks":[]},{"Id":121,"ManifestationId":536,"Undervotes":0,"Overvotes":0,"OutstackConditionIds":[7],"Marks":[]},{"Id":122,"ManifestationId":537,"Undervotes":0,"Overvotes":0,"OutstackConditionIds":[7],"Marks":[]}],"OutstackConditionIds":[]}]}},{"TabulatorId":95307,"BatchId":5,"RecordId":14,"CountingGroupId":4,"ImageMask":"D:\\NAS\\2024 General Election\\Results\\Tabulator95307\\Batch005\\Images\\95307_00005_000014*.*","SessionType":"ScannedVote","VotingSessionIdentifier":"","UniqueVotingIdentifier":"","Original":{"PrecinctPortionId":507,"BallotTypeId":28,"IsCurrent":true,"Cards":[{"Id":1037,"KeyInId":1037,"PaperIndex":0,"Contests":[{"Id":4,"ManifestationId":517,"Undervotes":0,"Overvotes":0,"OutstackConditionIds":[14],"Marks":[{"CandidateId":543,"ManifestationId":3800,"PartyId":15,"Rank":1,"MarkDensity":100,"IsAmbiguous":false,"IsVote":true,"OutstackConditionIds":[]},{"CandidateId":543,"ManifestationId":3808,"PartyId":15,"Rank":2,"MarkDensity":100,"IsAmbiguous":false,"IsVote":true,"OutstackConditionIds":[12]},{"CandidateId":543,"ManifestationId":3816,"PartyId":15,"Rank":3,"MarkDensity":100,"IsAmbiguous":false,"IsVote":true,"OutstackConditionIds":[12]}]},{"Id":7,"ManifestationId":518,"Undervotes":0,"Overvotes":0,"OutstackConditionIds":[14],"Marks":[{"CandidateId":517,"ManifestationId":3862,"PartyId":15,"Rank":1,"MarkDensity":100,"IsAmbiguous":false,"IsVote":true,"OutstackConditionIds":[]},{"CandidateId":517,"ManifestationId":3867,"PartyId":15,"Rank":2,"MarkDensity":100,"IsAmbiguous":false,"IsVote":true,"OutstackConditionIds":[12]},{"CandidateId":517,"ManifestationId":3872,"PartyId":15,"Rank":3,"MarkDensity":100,"IsAmbiguous":false,"IsVote":true,"OutstackConditionIds":[12]}]},{"Id":21,"ManifestationId":519,"Undervotes":0,"Overvotes":0,"OutstackConditionIds":[7],"Marks":[]},{"Id":54,"ManifestationId":520,"Undervotes":0,"Overvotes":0,"OutstackConditionIds":[7],"Marks":[]},{"Id":68,"ManifestationId":521,"Undervotes":1,"Overvotes":0,"OutstackConditionIds":[4,6],"Marks":[]},{"Id":69,"ManifestationId":522,"Undervotes":1,"Overvotes":0,"OutstackConditionIds":[4,6],"Marks":[]},{"Id":71,"ManifestationId":523,"Undervotes":1,"Overvotes":0,"OutstackConditionIds":[4,6],"Marks":[]},{"Id":72,"ManifestationId":524,"Undervotes":1,"Overvotes":0,"OutstackConditionIds":[4,6],"Marks":[]},{"Id":76,"ManifestationId":525,"Undervotes":1,"Overvotes":0,"OutstackConditionIds":[4,6],"Marks":[]},{"Id":77,"ManifestationId":526,"Undervotes":1,"Overvotes":0,"OutstackConditionIds":[4,6],"Marks":[]},{"Id":90,"ManifestationId":527,"Undervotes":0,"Overvotes":0,"OutstackConditionIds":[7],"Marks":[]},{"Id":91,"ManifestationId":528,"Undervotes":0,"Overvotes":0,"OutstackConditionIds":[7],"Marks":[]},{"Id":92,"ManifestationId":529,"Undervotes":0,"Overvotes":0,"OutstackConditionIds":[7],"Marks":[]},{"Id":93,"ManifestationId":530,"Undervotes":0,"Overvotes":0,"OutstackConditionIds":[7],"Marks":[]},{"Id":116,"ManifestationId":531,"Undervotes":0,"Overvotes":0,"OutstackConditionIds":[7],"Marks":[]},{"Id":117,"ManifestationId":532,"Undervotes":0,"Overvotes":0,"OutstackConditionIds":[7],"Marks":[]},{"Id":118,"ManifestationId":533,"Undervotes":0,"Overvotes":0,"OutstackConditionIds":[7],"Marks":[]},{"Id":119,"ManifestationId":534,"Undervotes":0,"Overvotes":0,"OutstackConditionIds":[7],"Marks":[]},{"Id":120,"ManifestationId":535,"Undervotes":0,"Overvotes":0,"OutstackConditionIds":[7],"Marks":[]},{"Id":121,"ManifestationId":536,"Undervotes":0,"Overvotes":0,"OutstackConditionIds":[7],"Marks":[]},{"Id":122,"ManifestationId":537,"Undervotes":0,"Overvotes":0,"OutstackConditionIds":[7],"Marks":[]}],"OutstackConditionIds":[]}]}},{"TabulatorId":95307,"BatchId":5,"RecordId":7,"CountingGroupId":4,"ImageMask":"D:\\NAS\\2024 General Election\\Results\\Tabulator95307\\Batch005\\Images\\95307_00005_000007*.*","SessionType":"ScannedVote","VotingSessionIdentifier":"","UniqueVotingIdentifier":"","Original":{"PrecinctPortionId":507,"BallotTypeId":28,"IsCurrent":true,"Cards":[{"Id":1037,"KeyInId":1037,"PaperIndex":0,"Contests":[{"Id":4,"ManifestationId":517,"Undervotes":0,"Overvotes":0,"OutstackConditionIds":[14],"Marks":[{"CandidateId":543,"ManifestationId":3800,"PartyId":15,"Rank":1,"MarkDensity":100,"IsAmbiguous":false,"IsVote":true,"OutstackConditionIds":[]}]},{"Id":7,"ManifestationId":518,"Undervotes":0,"Overvotes":0,"OutstackConditionIds":[14],"Marks":[{"CandidateId":517,"ManifestationId":3862,"PartyId":15,"Rank":1,"MarkDensity":100,"IsAmbiguous":false,"IsVote":true,"OutstackConditionIds":[]}]},{"Id":21,"ManifestationId":519,"Undervotes":0,"Overvotes":0,"OutstackConditionIds":[7],"Marks":[{"CandidateId":374,"ManifestationId":3886,"PartyId":15,"Rank":1,"MarkDensity":100,"IsAmbiguous":false,"IsVote":false,"OutstackConditionIds":[7]},{"CandidateId":376,"ManifestationId":3889,"PartyId":15,"Rank":2,"MarkDensity":100,"IsAmbiguous":false,"IsVote":false,"OutstackConditionIds":[7]},{"CandidateId":375,"ManifestationId":3895,"PartyId":15,"Rank":3,"MarkDensity":100,"IsAmbiguous":false,"IsVote":false,"OutstackConditionIds":[7]}]},{"Id":54,"ManifestationId":520,"Undervotes":0,"Overvotes":0,"OutstackConditionIds":[7],"Marks":[{"CandidateId":436,"ManifestationId":3902,"PartyId":15,"Rank":1,"MarkDensity":100,"IsAmbiguous":false,"IsVote":false,"OutstackConditionIds":[7]}]},{"Id":68,"ManifestationId":521,"Undervotes":0,"Overvotes":0,"OutstackConditionIds":[],"Marks":[{"CandidateId":217,"ManifestationId":3910,"PartyId":0,"Rank":1,"MarkDensity":100,"IsAmbiguous":false,"IsVote":true,"OutstackConditionIds":[]}]},{"Id":69,"ManifestationId":522,"Undervotes":0,"Overvotes":0,"OutstackConditionIds":[],"Marks":[{"CandidateId":219,"ManifestationId":3912,"PartyId":0,"Rank":1,"MarkDensity":100,"IsAmbiguous":false,"IsVote":true,"OutstackConditionIds":[]}]},{"Id":71,"ManifestationId":523,"Undervotes":1,"Overvotes":0,"OutstackConditionIds":[4,6],"Marks":[]},{"Id":72,"ManifestationId":524,"Undervotes":1,"Overvotes":0,"OutstackConditionIds":[4,6],"Marks":[]},{"Id":76,"ManifestationId":525,"Undervotes":1,"Overvotes":0,"OutstackConditionIds":[4,6],"Marks":[]},{"Id":77,"ManifestationId":526,"Undervotes":1,"Overvotes":0,"OutstackConditionIds":[4,6],"Marks":[]},{"Id":90,"ManifestationId":527,"Undervotes":0,"Overvotes":0,"OutstackConditionIds":[7],"Marks":[]},{"Id":91,"ManifestationId":528,"Undervotes":0,"Overvotes":0,"OutstackConditionIds":[7],"Marks":[]},{"Id":92,"ManifestationId":529,"Undervotes":0,"Overvotes":0,"OutstackConditionIds":[7],"Marks":[]},{"Id":93,"ManifestationId":530,"Undervotes":0,"Overvotes":0,"OutstackConditionIds":[7],"Marks":[]},{"Id":116,"ManifestationId":531,"Undervotes":0,"Overvotes":0,"OutstackConditionIds":[7],"Marks":[]},{"Id":117,"ManifestationId":532,"Undervotes":0,"Overvotes":0,"OutstackConditionIds":[7],"Marks":[]},{"Id":118,"ManifestationId":533,"Undervotes":0,"Overvotes":0,"OutstackConditionIds":[7],"Marks":[]},{"Id":119,"ManifestationId":534,"Undervotes":0,"Overvotes":0,"OutstackConditionIds":[7],"Marks":[]},{"Id":120,"ManifestationId":535,"Undervotes":0,"Overvotes":0,"OutstackConditionIds":[7],"Marks":[]},{"Id":121,"ManifestationId":536,"Undervotes":0,"Overvotes":0,"OutstackConditionIds":[7],"Marks":[]},{"Id":122,"ManifestationId":537,"Undervotes":0,"Overvotes":0,"OutstackConditionIds":[7],"Marks":[]}],"OutstackConditionIds":[]}]}},{"TabulatorId":95307,"BatchId":5,"RecordId":5,"CountingGroupId":4,"ImageMask":"D:\\NAS\\2024 General Election\\Results\\Tabulator95307\\Batch005\\Images\\95307_00005_000005*.*","SessionType":"ScannedVote","VotingSessionIdentifier":"","UniqueVotingIdentifier":"","Original":{"PrecinctPortionId":507,"BallotTypeId":28,"IsCurrent":true,"Cards":[{"Id":1037,"KeyInId":1037,"PaperIndex":0,"Contests":[{"Id":4,"ManifestationId":517,"Undervotes":0,"Overvotes":0,"OutstackConditionIds":[11],"Marks":[{"CandidateId":543,"ManifestationId":3800,"PartyId":15,"Rank":1,"MarkDensity":100,"IsAmbiguous":false,"IsVote":true,"OutstackConditionIds":[]},{"CandidateId":545,"ManifestationId":3822,"PartyId":18,"Rank":4,"MarkDensity":100,"IsAmbiguous":false,"IsVote":true,"OutstackConditionIds":[]},{"CandidateId":540,"ManifestationId":3828,"PartyId":10,"Rank":5,"MarkDensity":100,"IsAmbiguous":false,"IsVote":true,"OutstackConditionIds":[9]},{"CandidateId":554,"ManifestationId":3835,"PartyId":18,"Rank":5,"MarkDensity":100,"IsAmbiguous":false,"IsVote":true,"OutstackConditionIds":[9]},{"CandidateId":546,"ManifestationId":3839,"PartyId":5,"Rank":6,"MarkDensity":100,"IsAmbiguous":false,"IsVote":true,"OutstackConditionIds":[]},{"CandidateId":547,"ManifestationId":3845,"PartyId":19,"Rank":7,"MarkDensity":100,"IsAmbiguous":false,"IsVote":true,"OutstackConditionIds":[]},{"CandidateId":541,"ManifestationId":3857,"PartyId":6,"Rank":8,"MarkDensity":100,"IsAmbiguous":false,"IsVote":true,"OutstackConditionIds":[9]},{"CandidateId":542,"ManifestationId":3858,"PartyId":7,"Rank":8,"MarkDensity":100,"IsAmbiguous":false,"IsVote":true,"OutstackConditionIds":[9]}]},{"Id":7,"ManifestationId":518,"Undervotes":1,"Overvotes":0,"OutstackConditionIds":[11],"Marks":[{"CandidateId":518,"ManifestationId":3876,"PartyId":7,"Rank":4,"MarkDensity":100,"IsAmbiguous":false,"IsVote":true,"OutstackConditionIds":[9]},{"CandidateId":552,"ManifestationId":3878,"PartyId":7,"Rank":4,"MarkDensity":100,"IsAmbiguous":false,"IsVote":true,"OutstackConditionIds":[9]},{"CandidateId":520,"ManifestationId":3880,"PartyId":3,"Rank":5,"MarkDensity":100,"IsAmbiguous":false,"IsVote":true,"OutstackConditionIds":[9]},{"CandidateId":517,"ManifestationId":3882,"PartyId":15,"Rank":5,"MarkDensity":100,"IsAmbiguous":false,"IsVote":true,"OutstackConditionIds":[9]}]},{"Id":21,"ManifestationId":519,"Undervotes":0,"Overvotes":0,"OutstackConditionIds":[7],"Marks":[{"CandidateId":375,"ManifestationId":3891,"PartyId":15,"Rank":2,"MarkDensity":100,"IsAmbiguous":false,"IsVote":false,"OutstackConditionIds":[7]},{"CandidateId":376,"ManifestationId":3897,"PartyId":15,"Rank":4,"MarkDensity":100,"IsAmbiguous":false,"IsVote":false,"OutstackConditionIds":[7]},{"CandidateId":374,"ManifestationId":3898,"PartyId":15,"Rank":4,"MarkDensity":100,"IsAmbiguous":false,"IsVote":false,"OutstackConditionIds":[7]}]},{"Id":54,"ManifestationId":520,"Undervotes":0,"Overvotes":0,"OutstackConditionIds":[7],"Marks":[{"CandidateId":435,"ManifestationId":3901,"PartyId":15,"Rank":1,"MarkDensity":100,"IsAmbiguous":false,"IsVote":false,"OutstackConditionIds":[7]},{"CandidateId":436,"ManifestationId":3908,"PartyId":15,"Rank":3,"MarkDensity":100,"IsAmbiguous":false,"IsVote":false,"OutstackConditionIds":[7]}]},{"Id":68,"ManifestationId":521,"Undervotes":0,"Overvotes":0,"OutstackConditionIds":[],"Marks":[{"CandidateId":218,"ManifestationId":3911,"PartyId":0,"Rank":1,"MarkDensity":100,"IsAmbiguous":false,"IsVote":true,"OutstackConditionIds":[]}]},{"Id":69,"ManifestationId":522,"Undervotes":0,"Overvotes":0,"OutstackConditionIds":[],"Marks":[{"CandidateId":220,"ManifestationId":3913,"PartyId":0,"Rank":1,"MarkDensity":100,"IsAmbiguous":false,"IsVote":true,"OutstackConditionIds":[]}]},{"Id":71,"ManifestationId":523,"Undervotes":0,"Overvotes":0,"OutstackConditionIds":[],"Marks":[{"CandidateId":224,"ManifestationId":3915,"PartyId":0,"Rank":1,"MarkDensity":100,"IsAmbiguous":false,"IsVote":true,"OutstackConditionIds":[]}]},{"Id":72,"ManifestationId":524,"Undervotes":0,"Overvotes":0,"OutstackConditionIds":[],"Marks":[{"CandidateId":225,"ManifestationId":3916,"PartyId":0,"Rank":1,"MarkDensity":100,"IsAmbiguous":false,"IsVote":true,"OutstackConditionIds":[]}]},{"Id":76,"ManifestationId":525,"Undervotes":0,"Overvotes":0,"OutstackConditionIds":[],"Marks":[{"CandidateId":233,"ManifestationId":3918,"PartyId":0,"Rank":1,"MarkDensity":100,"IsAmbiguous":false,"IsVote":true,"OutstackConditionIds":[]}]},{"Id":77,"ManifestationId":526,"Undervotes":1,"Overvotes":0,"OutstackConditionIds":[4,6],"Marks":[]},{"Id":90,"ManifestationId":527,"Undervotes":0,"Overvotes":0,"OutstackConditionIds":[7],"Marks":[{"CandidateId":262,"ManifestationId":3923,"PartyId":0,"Rank":1,"MarkDensity":100,"IsAmbiguous":false,"IsVote":false,"OutstackConditionIds":[7]}]},{"Id":91,"ManifestationId":528,"Undervotes":0,"Overvotes":0,"OutstackConditionIds":[7],"Marks":[{"CandidateId":263,"ManifestationId":3924,"PartyId":0,"Rank":1,"MarkDensity":100,"IsAmbiguous":false,"IsVote":false,"OutstackConditionIds":[7]}]},{"Id":92,"ManifestationId":529,"Undervotes":0,"Overvotes":0,"OutstackConditionIds":[7],"Marks":[{"CandidateId":266,"ManifestationId":3927,"PartyId":0,"Rank":1,"MarkDensity":100,"IsAmbiguous":false,"IsVote":false,"OutstackConditionIds":[7]}]},{"Id":93,"ManifestationId":530,"Undervotes":0,"Overvotes":0,"OutstackConditionIds":[7],"Marks":[{"CandidateId":268,"ManifestationId":3929,"PartyId":0,"Rank":1,"MarkDensity":100,"IsAmbiguous":false,"IsVote":false,"OutstackConditionIds":[7]}]},{"Id":116,"ManifestationId":531,"Undervotes":0,"Overvotes":0,"OutstackConditionIds":[7],"Marks":[]},{"Id":117,"ManifestationId":532,"Undervotes":0,"Overvotes":0,"OutstackConditionIds":[7],"Marks":[]},{"Id":118,"ManifestationId":533,"Undervotes":0,"Overvotes":0,"OutstackConditionIds":[7],"Marks":[{"CandidateId":317,"ManifestationId":3934,"PartyId":0,"Rank":1,"MarkDensity":100,"IsAmbiguous":false,"IsVote":false,"OutstackConditionIds":[7]}]},{"Id":119,"ManifestationId":534,"Undervotes":0,"Overvotes":0,"OutstackConditionIds":[7],"Marks":[]},{"Id":120,"ManifestationId":535,"Undervotes":0,"Overvotes":0,"OutstackConditionIds":[7],"Marks":[{"CandidateId":321,"ManifestationId":3938,"PartyId":0,"Rank":1,"MarkDensity":100,"IsAmbiguous":false,"IsVote":false,"OutstackConditionIds":[7]}]},{"Id":121,"ManifestationId":536,"Undervotes":0,"Overvotes":0,"OutstackConditionIds":[7],"Marks":[{"CandidateId":323,"ManifestationId":3940,"PartyId":0,"Rank":1,"MarkDensity":100,"IsAmbiguous":false,"IsVote":false,"OutstackConditionIds":[7]}]},{"Id":122,"ManifestationId":537,"Undervotes":0,"Overvotes":0,"OutstackConditionIds":[7],"Marks":[{"CandidateId":326,"ManifestationId":3943,"PartyId":0,"Rank":1,"MarkDensity":100,"IsAmbiguous":false,"IsVote":false,"OutstackConditionIds":[7]}]}],"OutstackConditionIds":[]}]}},{"TabulatorId":95307,"BatchId":5,"RecordId":3,"CountingGroupId":4,"ImageMask":"D:\\NAS\\2024 General Election\\Results\\Tabulator95307\\Batch005\\Images\\95307_00005_000003*.*","SessionType":"ScannedVote","VotingSessionIdentifier":"","UniqueVotingIdentifier":"","Original":{"PrecinctPortionId":507,"BallotTypeId":28,"IsCurrent":true,"Cards":[{"Id":1037,"KeyInId":1037,"PaperIndex":0,"Contests":[{"Id":4,"ManifestationId":517,"Undervotes":0,"Overvotes":0,"OutstackConditionIds":[14],"Marks":[{"CandidateId":543,"ManifestationId":3800,"PartyId":15,"Rank":1,"MarkDensity":100,"IsAmbiguous":false,"IsVote":true,"OutstackConditionIds":[]}]},{"Id":7,"ManifestationId":518,"Undervotes":0,"Overvotes":0,"OutstackConditionIds":[14],"Marks":[{"CandidateId":517,"ManifestationId":3862,"PartyId":15,"Rank":1,"MarkDensity":100,"IsAmbiguous":false,"IsVote":true,"OutstackConditionIds":[]}]},{"Id":21,"ManifestationId":519,"Undervotes":0,"Overvotes":0,"OutstackConditionIds":[7],"Marks":[{"CandidateId":376,"ManifestationId":3885,"PartyId":15,"Rank":1,"MarkDensity":100,"IsAmbiguous":false,"IsVote":false,"OutstackConditionIds":[7]}]},{"Id":54,"ManifestationId":520,"Undervotes":0,"Overvotes":0,"OutstackConditionIds":[7],"Marks":[{"CandidateId":436,"ManifestationId":3902,"PartyId":15,"Rank":1,"MarkDensity":100,"IsAmbiguous":false,"IsVote":false,"OutstackConditionIds":[7]},{"CandidateId":435,"ManifestationId":3904,"PartyId":15,"Rank":2,"MarkDensity":100,"IsAmbiguous":false,"IsVote":false,"OutstackConditionIds":[7]}]},{"Id":68,"ManifestationId":521,"Undervotes":0,"Overvotes":0,"OutstackConditionIds":[],"Marks":[{"CandidateId":217,"ManifestationId":3910,"PartyId":0,"Rank":1,"MarkDensity":100,"IsAmbiguous":false,"IsVote":true,"OutstackConditionIds":[]}]},{"Id":69,"ManifestationId":522,"Undervotes":0,"Overvotes":0,"OutstackConditionIds":[],"Marks":[{"CandidateId":219,"ManifestationId":3912,"PartyId":0,"Rank":1,"MarkDensity":100,"IsAmbiguous":false,"IsVote":true,"OutstackConditionIds":[]}]},{"Id":71,"ManifestationId":523,"Undervotes":0,"Overvotes":0,"OutstackConditionIds":[],"Marks":[{"CandidateId":223,"ManifestationId":3914,"PartyId":0,"Rank":1,"MarkDensity":100,"IsAmbiguous":false,"IsVote":true,"OutstackConditionIds":[]}]},{"Id":72,"ManifestationId":524,"Undervotes":0,"Overvotes":0,"OutstackConditionIds":[],"Marks":[{"CandidateId":225,"ManifestationId":3916,"PartyId":0,"Rank":1,"MarkDensity":100,"IsAmbiguous":false,"IsVote":true,"OutstackConditionIds":[]}]},{"Id":76,"ManifestationId":525,"Undervotes":0,"Overvotes":0,"OutstackConditionIds":[],"Marks":[{"CandidateId":233,"ManifestationId":3918,"PartyId":0,"Rank":1,"MarkDensity":100,"IsAmbiguous":false,"IsVote":true,"OutstackConditionIds":[]}]},{"Id":77,"ManifestationId":526,"Undervotes":0,"Overvotes":0,"OutstackConditionIds":[],"Marks":[{"CandidateId":235,"ManifestationId":3920,"PartyId":0,"Rank":1,"MarkDensity":100,"IsAmbiguous":false,"IsVote":true,"OutstackConditionIds":[]}]},{"Id":90,"ManifestationId":527,"Undervotes":0,"Overvotes":0,"OutstackConditionIds":[7],"Marks":[{"CandidateId":262,"ManifestationId":3923,"PartyId":0,"Rank":1,"MarkDensity":100,"IsAmbiguous":false,"IsVote":false,"OutstackConditionIds":[7]}]},{"Id":91,"ManifestationId":528,"Undervotes":0,"Overvotes":0,"OutstackConditionIds":[7],"Marks":[{"CandidateId":264,"ManifestationId":3925,"PartyId":0,"Rank":1,"MarkDensity":100,"IsAmbiguous":false,"IsVote":false,"OutstackConditionIds":[7]}]},{"Id":92,"ManifestationId":529,"Undervotes":0,"Overvotes":0,"OutstackConditionIds":[7],"Marks":[{"CandidateId":265,"ManifestationId":3926,"PartyId":0,"Rank":1,"MarkDensity":100,"IsAmbiguous":false,"IsVote":false,"OutstackConditionIds":[7]}]},{"Id":93,"ManifestationId":530,"Undervotes":0,"Overvotes":0,"OutstackConditionIds":[7],"Marks":[{"CandidateId":267,"ManifestationId":3928,"PartyId":0,"Rank":1,"MarkDensity":100,"IsAmbiguous":false,"IsVote":false,"OutstackConditionIds":[7]}]},{"Id":116,"ManifestationId":531,"Undervotes":0,"Overvotes":0,"OutstackConditionIds":[7],"Marks":[{"CandidateId":313,"ManifestationId":3930,"PartyId":0,"Rank":1,"MarkDensity":100,"IsAmbiguous":false,"IsVote":false,"OutstackConditionIds":[7]}]},{"Id":117,"ManifestationId":532,"Undervotes":0,"Overvotes":0,"OutstackConditionIds":[7],"Marks":[{"CandidateId":315,"ManifestationId":3932,"PartyId":0,"Rank":1,"MarkDensity":100,"IsAmbiguous":false,"IsVote":false,"OutstackConditionIds":[7]}]},{"Id":118,"ManifestationId":533,"Undervotes":0,"Overvotes":0,"OutstackConditionIds":[7],"Marks":[{"CandidateId":317,"ManifestationId":3934,"PartyId":0,"Rank":1,"MarkDensity":100,"IsAmbiguous":false,"IsVote":false,"OutstackConditionIds":[7]}]},{"Id":119,"ManifestationId":534,"Undervotes":0,"Overvotes":0,"OutstackConditionIds":[7],"Marks":[{"CandidateId":319,"ManifestationId":3936,"PartyId":0,"Rank":1,"MarkDensity":100,"IsAmbiguous":false,"IsVote":false,"OutstackConditionIds":[7]}]},{"Id":120,"ManifestationId":535,"Undervotes":0,"Overvotes":0,"OutstackConditionIds":[7],"Marks":[{"CandidateId":321,"ManifestationId":3938,"PartyId":0,"Rank":1,"MarkDensity":100,"IsAmbiguous":false,"IsVote":false,"OutstackConditionIds":[7]}]},{"Id":121,"ManifestationId":536,"Undervotes":0,"Overvotes":0,"OutstackConditionIds":[7],"Marks":[{"CandidateId":323,"ManifestationId":3940,"PartyId":0,"Rank":1,"MarkDensity":100,"IsAmbiguous":false,"IsVote":false,"OutstackConditionIds":[7]}]},{"Id":122,"ManifestationId":537,"Undervotes":0,"Overvotes":0,"OutstackConditionIds":[7],"Marks":[{"CandidateId":326,"ManifestationId":3943,"PartyId":0,"Rank":1,"MarkDensity":100,"IsAmbiguous":false,"IsVote":false,"OutstackConditionIds":[7]}]}],"OutstackConditionIds":[]}]}},{"TabulatorId":95307,"BatchId":5,"RecordId":13,"CountingGroupId":4,"ImageMask":"D:\\NAS\\2024 General Election\\Results\\Tabulator95307\\Batch005\\Images\\95307_00005_000013*.*","SessionType":"ScannedVote","VotingSessionIdentifier":"","UniqueVotingIdentifier":"","Original":{"PrecinctPortionId":507,"BallotTypeId":28,"IsCurrent":true,"Cards":[{"Id":1037,"KeyInId":1037,"PaperIndex":0,"Contests":[{"Id":4,"ManifestationId":517,"Undervotes":0,"Overvotes":0,"OutstackConditionIds":[11],"Marks":[{"CandidateId":542,"ManifestationId":3802,"PartyId":7,"Rank":1,"MarkDensity":100,"IsAmbiguous":false,"IsVote":true,"OutstackConditionIds":[]},{"CandidateId":554,"ManifestationId":3811,"PartyId":18,"Rank":2,"MarkDensity":100,"IsAmbiguous":false,"IsVote":true,"OutstackConditionIds":[]},{"CandidateId":547,"ManifestationId":3813,"PartyId":19,"Rank":3,"MarkDensity":100,"IsAmbiguous":false,"IsVote":true,"OutstackConditionIds":[]},{"CandidateId":545,"ManifestationId":3822,"PartyId":18,"Rank":4,"MarkDensity":100,"IsAmbiguous":false,"IsVote":true,"OutstackConditionIds":[]},{"CandidateId":546,"ManifestationId":3831,"PartyId":5,"Rank":5,"MarkDensity":100,"IsAmbiguous":false,"IsVote":true,"OutstackConditionIds":[]},{"CandidateId":541,"ManifestationId":3849,"PartyId":6,"Rank":7,"MarkDensity":100,"IsAmbiguous":false,"IsVote":true,"OutstackConditionIds":[]},{"CandidateId":543,"ManifestationId":3856,"PartyId":15,"Rank":8,"MarkDensity":100,"IsAmbiguous":false,"IsVote":true,"OutstackConditionIds":[]}]},{"Id":7,"ManifestationId":518,"Undervotes":0,"Overvotes":0,"OutstackConditionIds":[11],"Marks":[{"CandidateId":518,"ManifestationId":3861,"PartyId":7,"Rank":1,"MarkDensity":100,"IsAmbiguous":false,"IsVote":true,"OutstackConditionIds":[]},{"CandidateId":520,"ManifestationId":3865,"PartyId":3,"Rank":2,"MarkDensity":100,"IsAmbiguous":false,"IsVote":true,"OutstackConditionIds":[]},{"CandidateId":552,"ManifestationId":3873,"PartyId":7,"Rank":3,"MarkDensity":100,"IsAmbiguous":false,"IsVote":true,"OutstackConditionIds":[]},{"CandidateId":517,"ManifestationId":3882,"PartyId":15,"Rank":5,"MarkDensity":100,"IsAmbiguous":false,"IsVote":true,"OutstackConditionIds":[]}]},{"Id":21,"ManifestationId":519,"Undervotes":0,"Overvotes":0,"OutstackConditionIds":[7],"Marks":[{"CandidateId":376,"ManifestationId":3885,"PartyId":15,"Rank":1,"MarkDensity":100,"IsAmbiguous":false,"IsVote":false,"OutstackConditionIds":[7]},{"CandidateId":374,"ManifestationId":3890,"PartyId":15,"Rank":2,"MarkDensity":100,"IsAmbiguous":false,"IsVote":false,"OutstackConditionIds":[7]},{"CandidateId":375,"ManifestationId":3895,"PartyId":15,"Rank":3,"MarkDensity":100,"IsAmbiguous":false,"IsVote":false,"OutstackConditionIds":[7]}]},{"Id":54,"ManifestationId":520,"Undervotes":0,"Overvotes":0,"OutstackConditionIds":[7],"Marks":[{"CandidateId":435,"ManifestationId":3901,"PartyId":15,"Rank":1,"MarkDensity":100,"IsAmbiguous":false,"IsVote":false,"OutstackConditionIds":[7]},{"CandidateId":436,"ManifestationId":3905,"PartyId":15,"Rank":2,"MarkDensity":100,"IsAmbiguous":false,"IsVote":false,"OutstackConditionIds":[7]}]},{"Id":68,"ManifestationId":521,"Undervotes":0,"Overvotes":0,"OutstackConditionIds":[],"Marks":[{"CandidateId":217,"ManifestationId":3910,"PartyId":0,"Rank":1,"MarkDensity":100,"IsAmbiguous":false,"IsVote":true,"OutstackConditionIds":[]}]},{"Id":69,"ManifestationId":522,"Undervotes":0,"Overvotes":0,"OutstackConditionIds":[],"Marks":[{"CandidateId":220,"ManifestationId":3913,"PartyId":0,"Rank":1,"MarkDensity":100,"IsAmbiguous":false,"IsVote":true,"OutstackConditionIds":[]}]},{"Id":71,"ManifestationId":523,"Undervotes":0,"Overvotes":0,"OutstackConditionIds":[],"Marks":[{"CandidateId":224,"ManifestationId":3915,"PartyId":0,"Rank":1,"MarkDensity":100,"IsAmbiguous":false,"IsVote":true,"OutstackConditionIds":[]}]},{"Id":72,"ManifestationId":524,"Undervotes":0,"Overvotes":0,"OutstackConditionIds":[],"Marks":[{"CandidateId":225,"ManifestationId":3916,"PartyId":0,"Rank":1,"MarkDensity":100,"IsAmbiguous":false,"IsVote":true,"OutstackConditionIds":[]}]},{"Id":76,"ManifestationId":525,"Undervotes":0,"Overvotes":0,"OutstackConditionIds":[],"Marks":[{"CandidateId":234,"ManifestationId":3919,"PartyId":0,"Rank":1,"MarkDensity":100,"IsAmbiguous":false,"IsVote":true,"OutstackConditionIds":[]}]},{"Id":77,"ManifestationId":526,"Undervotes":0,"Overvotes":0,"OutstackConditionIds":[],"Marks":[{"CandidateId":236,"ManifestationId":3921,"PartyId":0,"Rank":1,"MarkDensity":100,"IsAmbiguous":false,"IsVote":true,"OutstackConditionIds":[]}]},{"Id":90,"ManifestationId":527,"Undervotes":0,"Overvotes":0,"OutstackConditionIds":[7],"Marks":[{"CandidateId":262,"ManifestationId":3923,"PartyId":0,"Rank":1,"MarkDensity":100,"IsAmbiguous":false,"IsVote":false,"OutstackConditionIds":[7]}]},{"Id":91,"ManifestationId":528,"Undervotes":0,"Overvotes":0,"OutstackConditionIds":[7],"Marks":[{"CandidateId":263,"ManifestationId":3924,"PartyId":0,"Rank":1,"MarkDensity":100,"IsAmbiguous":false,"IsVote":false,"OutstackConditionIds":[7]}]},{"Id":92,"ManifestationId":529,"Undervotes":0,"Overvotes":0,"OutstackConditionIds":[7],"Marks":[{"CandidateId":266,"ManifestationId":3927,"PartyId":0,"Rank":1,"MarkDensity":100,"IsAmbiguous":false,"IsVote":false,"OutstackConditionIds":[7]}]},{"Id":93,"ManifestationId":530,"Undervotes":0,"Overvotes":0,"OutstackConditionIds":[7],"Marks":[{"CandidateId":268,"ManifestationId":3929,"PartyId":0,"Rank":1,"MarkDensity":100,"IsAmbiguous":false,"IsVote":false,"OutstackConditionIds":[7]}]},{"Id":116,"ManifestationId":531,"Undervotes":0,"Overvotes":0,"OutstackConditionIds":[7],"Marks":[{"CandidateId":313,"ManifestationId":3930,"PartyId":0,"Rank":1,"MarkDensity":100,"IsAmbiguous":false,"IsVote":false,"OutstackConditionIds":[7]}]},{"Id":117,"ManifestationId":532,"Undervotes":0,"Overvotes":0,"OutstackConditionIds":[7],"Marks":[{"CandidateId":316,"ManifestationId":3933,"PartyId":0,"Rank":1,"MarkDensity":100,"IsAmbiguous":false,"IsVote":false,"OutstackConditionIds":[7]}]},{"Id":118,"ManifestationId":533,"Undervotes":0,"Overvotes":0,"OutstackConditionIds":[7],"Marks":[{"CandidateId":317,"ManifestationId":3934,"PartyId":0,"Rank":1,"MarkDensity":100,"IsAmbiguous":false,"IsVote":false,"OutstackConditionIds":[7]}]},{"Id":119,"ManifestationId":534,"Undervotes":0,"Overvotes":0,"OutstackConditionIds":[7],"Marks":[{"CandidateId":320,"ManifestationId":3937,"PartyId":0,"Rank":1,"MarkDensity":100,"IsAmbiguous":false,"IsVote":false,"OutstackConditionIds":[7]}]},{"Id":120,"ManifestationId":535,"Undervotes":0,"Overvotes":0,"OutstackConditionIds":[7],"Marks":[{"CandidateId":322,"ManifestationId":3939,"PartyId":0,"Rank":1,"MarkDensity":100,"IsAmbiguous":false,"IsVote":false,"OutstackConditionIds":[7]}]},{"Id":121,"ManifestationId":536,"Undervotes":0,"Overvotes":0,"OutstackConditionIds":[7],"Marks":[{"CandidateId":324,"ManifestationId":3941,"PartyId":0,"Rank":1,"MarkDensity":100,"IsAmbiguous":false,"IsVote":false,"OutstackConditionIds":[7]}]},{"Id":122,"ManifestationId":537,"Undervotes":0,"Overvotes":0,"OutstackConditionIds":[7],"Marks":[{"CandidateId":325,"ManifestationId":3942,"PartyId":0,"Rank":1,"MarkDensity":100,"IsAmbiguous":false,"IsVote":false,"OutstackConditionIds":[7]}]}],"OutstackConditionIds":[]}]}},{"TabulatorId":95307,"BatchId":5,"RecordId":2,"CountingGroupId":4,"ImageMask":"D:\\NAS\\2024 General Election\\Results\\Tabulator95307\\Batch005\\Images\\95307_00005_000002*.*","SessionType":"ScannedVote","VotingSessionIdentifier":"","UniqueVotingIdentifier":"","Original":{"PrecinctPortionId":507,"BallotTypeId":28,"IsCurrent":true,"Cards":[{"Id":1037,"KeyInId":1037,"PaperIndex":0,"Contests":[{"Id":4,"ManifestationId":517,"Undervotes":0,"Overvotes":0,"OutstackConditionIds":[14],"Marks":[{"CandidateId":543,"ManifestationId":3800,"PartyId":15,"Rank":1,"MarkDensity":100,"IsAmbiguous":false,"IsVote":true,"OutstackConditionIds":[]}]},{"Id":7,"ManifestationId":518,"Undervotes":0,"Overvotes":0,"OutstackConditionIds":[14],"Marks":[{"CandidateId":517,"ManifestationId":3862,"PartyId":15,"Rank":1,"MarkDensity":100,"IsAmbiguous":false,"IsVote":true,"OutstackConditionIds":[]}]},{"Id":21,"ManifestationId":519,"Undervotes":0,"Overvotes":0,"OutstackConditionIds":[7],"Marks":[{"CandidateId":374,"ManifestationId":3886,"PartyId":15,"Rank":1,"MarkDensity":100,"IsAmbiguous":false,"IsVote":false,"OutstackConditionIds":[7]}]},{"Id":54,"ManifestationId":520,"Undervotes":0,"Overvotes":0,"OutstackConditionIds":[7],"Marks":[{"CandidateId":436,"ManifestationId":3902,"PartyId":15,"Rank":1,"MarkDensity":100,"IsAmbiguous":false,"IsVote":false,"OutstackConditionIds":[7]}]},{"Id":68,"ManifestationId":521,"Undervotes":0,"Overvotes":0,"OutstackConditionIds":[],"Marks":[{"CandidateId":217,"ManifestationId":3910,"PartyId":0,"Rank":1,"MarkDensity":100,"IsAmbiguous":false,"IsVote":true,"OutstackConditionIds":[]}]},{"Id":69,"ManifestationId":522,"Undervotes":0,"Overvotes":0,"OutstackConditionIds":[],"Marks":[{"CandidateId":219,"ManifestationId":3912,"PartyId":0,"Rank":1,"MarkDensity":100,"IsAmbiguous":false,"IsVote":true,"OutstackConditionIds":[]}]},{"Id":71,"ManifestationId":523,"Undervotes":0,"Overvotes":0,"OutstackConditionIds":[],"Marks":[{"CandidateId":224,"ManifestationId":3915,"PartyId":0,"Rank":1,"MarkDensity":100,"IsAmbiguous":false,"IsVote":true,"OutstackConditionIds":[]}]},{"Id":72,"ManifestationId":524,"Undervotes":0,"Overvotes":0,"OutstackConditionIds":[],"Marks":[{"CandidateId":226,"ManifestationId":3917,"PartyId":0,"Rank":1,"MarkDensity":100,"IsAmbiguous":false,"IsVote":true,"OutstackConditionIds":[]}]},{"Id":76,"ManifestationId":525,"Undervotes":0,"Overvotes":0,"OutstackConditionIds":[],"Marks":[{"CandidateId":234,"ManifestationId":3919,"PartyId":0,"Rank":1,"MarkDensity":100,"IsAmbiguous":false,"IsVote":true,"OutstackConditionIds":[]}]},{"Id":77,"ManifestationId":526,"Undervotes":1,"Overvotes":0,"OutstackConditionIds":[4,6],"Marks":[]},{"Id":90,"ManifestationId":527,"Undervotes":0,"Overvotes":0,"OutstackConditionIds":[7],"Marks":[{"CandidateId":262,"ManifestationId":3923,"PartyId":0,"Rank":1,"MarkDensity":100,"IsAmbiguous":false,"IsVote":false,"OutstackConditionIds":[7]}]},{"Id":91,"ManifestationId":528,"Undervotes":0,"Overvotes":0,"OutstackConditionIds":[7],"Marks":[{"CandidateId":264,"ManifestationId":3925,"PartyId":0,"Rank":1,"MarkDensity":100,"IsAmbiguous":false,"IsVote":false,"OutstackConditionIds":[7]}]},{"Id":92,"ManifestationId":529,"Undervotes":0,"Overvotes":0,"OutstackConditionIds":[7],"Marks":[{"CandidateId":266,"ManifestationId":3927,"PartyId":0,"Rank":1,"MarkDensity":100,"IsAmbiguous":false,"IsVote":false,"OutstackConditionIds":[7]}]},{"Id":93,"ManifestationId":530,"Undervotes":0,"Overvotes":0,"OutstackConditionIds":[7],"Marks":[{"CandidateId":268,"ManifestationId":3929,"PartyId":0,"Rank":1,"MarkDensity":100,"IsAmbiguous":false,"IsVote":false,"OutstackConditionIds":[7]}]},{"Id":116,"ManifestationId":531,"Undervotes":0,"Overvotes":0,"OutstackConditionIds":[7],"Marks":[{"CandidateId":314,"ManifestationId":3931,"PartyId":0,"Rank":1,"MarkDensity":100,"IsAmbiguous":false,"IsVote":false,"OutstackConditionIds":[7]}]},{"Id":117,"ManifestationId":532,"Undervotes":0,"Overvotes":0,"OutstackConditionIds":[7],"Marks":[{"CandidateId":316,"ManifestationId":3933,"PartyId":0,"Rank":1,"MarkDensity":100,"IsAmbiguous":false,"IsVote":false,"OutstackConditionIds":[7]}]},{"Id":118,"ManifestationId":533,"Undervotes":0,"Overvotes":0,"OutstackConditionIds":[7],"Marks":[{"CandidateId":318,"ManifestationId":3935,"PartyId":0,"Rank":1,"MarkDensity":100,"IsAmbiguous":false,"IsVote":false,"OutstackConditionIds":[7]}]},{"Id":119,"ManifestationId":534,"Undervotes":0,"Overvotes":0,"OutstackConditionIds":[7],"Marks":[{"CandidateId":320,"ManifestationId":3937,"PartyId":0,"Rank":1,"MarkDensity":100,"IsAmbiguous":false,"IsVote":false,"OutstackConditionIds":[7]}]},{"Id":120,"ManifestationId":535,"Undervotes":0,"Overvotes":0,"OutstackConditionIds":[7],"Marks":[{"CandidateId":322,"ManifestationId":3939,"PartyId":0,"Rank":1,"MarkDensity":100,"IsAmbiguous":false,"IsVote":false,"OutstackConditionIds":[7]}]},{"Id":121,"ManifestationId":536,"Undervotes":0,"Overvotes":0,"OutstackConditionIds":[7],"Marks":[{"CandidateId":324,"ManifestationId":3941,"PartyId":0,"Rank":1,"MarkDensity":100,"IsAmbiguous":false,"IsVote":false,"OutstackConditionIds":[7]}]},{"Id":122,"ManifestationId":537,"Undervotes":0,"Overvotes":0,"OutstackConditionIds":[7],"Marks":[{"CandidateId":326,"ManifestationId":3943,"PartyId":0,"Rank":1,"MarkDensity":100,"IsAmbiguous":false,"IsVote":false,"OutstackConditionIds":[7]}]}],"OutstackConditionIds":[]}]}},{"TabulatorId":95307,"BatchId":5,"RecordId":6,"CountingGroupId":4,"ImageMask":"D:\\NAS\\2024 General Election\\Results\\Tabulator95307\\Batch005\\Images\\95307_00005_000006*.*","SessionType":"ScannedVote","VotingSessionIdentifier":"","UniqueVotingIdentifier":"","Original":{"PrecinctPortionId":507,"BallotTypeId":28,"IsCurrent":true,"Cards":[{"Id":1037,"KeyInId":1037,"PaperIndex":0,"Contests":[{"Id":4,"ManifestationId":517,"Undervotes":0,"Overvotes":0,"OutstackConditionIds":[],"Marks":[{"CandidateId":543,"ManifestationId":3800,"PartyId":15,"Rank":1,"MarkDensity":100,"IsAmbiguous":false,"IsVote":true,"OutstackConditionIds":[]},{"CandidateId":554,"ManifestationId":3811,"PartyId":18,"Rank":2,"MarkDensity":100,"IsAmbiguous":false,"IsVote":true,"OutstackConditionIds":[]},{"CandidateId":546,"ManifestationId":3815,"PartyId":5,"Rank":3,"MarkDensity":100,"IsAmbiguous":false,"IsVote":true,"OutstackConditionIds":[]},{"CandidateId":545,"ManifestationId":3822,"PartyId":18,"Rank":4,"MarkDensity":100,"IsAmbiguous":false,"IsVote":true,"OutstackConditionIds":[]},{"CandidateId":541,"ManifestationId":3833,"PartyId":6,"Rank":5,"MarkDensity":100,"IsAmbiguous":false,"IsVote":true,"OutstackConditionIds":[]},{"CandidateId":547,"ManifestationId":3837,"PartyId":19,"Rank":6,"MarkDensity":100,"IsAmbiguous":false,"IsVote":true,"OutstackConditionIds":[]},{"CandidateId":540,"ManifestationId":3844,"PartyId":10,"Rank":7,"MarkDensity":100,"IsAmbiguous":false,"IsVote":true,"OutstackConditionIds":[]},{"CandidateId":542,"ManifestationId":3858,"PartyId":7,"Rank":8,"MarkDensity":100,"IsAmbiguous":false,"IsVote":true,"OutstackConditionIds":[]}]},{"Id":7,"ManifestationId":518,"Undervotes":0,"Overvotes":0,"OutstackConditionIds":[11],"Marks":[{"CandidateId":517,"ManifestationId":3862,"PartyId":15,"Rank":1,"MarkDensity":100,"IsAmbiguous":false,"IsVote":true,"OutstackConditionIds":[]},{"CandidateId":520,"ManifestationId":3865,"PartyId":3,"Rank":2,"MarkDensity":100,"IsAmbiguous":false,"IsVote":true,"OutstackConditionIds":[]},{"CandidateId":552,"ManifestationId":3878,"PartyId":7,"Rank":4,"MarkDensity":100,"IsAmbiguous":false,"IsVote":true,"OutstackConditionIds":[]},{"CandidateId":518,"ManifestationId":3881,"PartyId":7,"Rank":5,"MarkDensity":100,"IsAmbiguous":false,"IsVote":true,"OutstackConditionIds":[]}]},{"Id":21,"ManifestationId":519,"Undervotes":0,"Overvotes":0,"OutstackConditionIds":[7],"Marks":[{"CandidateId":375,"ManifestationId":3887,"PartyId":15,"Rank":1,"MarkDensity":100,"IsAmbiguous":false,"IsVote":false,"OutstackConditionIds":[7]},{"CandidateId":376,"ManifestationId":3889,"PartyId":15,"Rank":2,"MarkDensity":100,"IsAmbiguous":false,"IsVote":false,"OutstackConditionIds":[7]},{"CandidateId":374,"ManifestationId":3894,"PartyId":15,"Rank":3,"MarkDensity":100,"IsAmbiguous":false,"IsVote":false,"OutstackConditionIds":[7]}]},{"Id":54,"ManifestationId":520,"Undervotes":0,"Overvotes":0,"OutstackConditionIds":[7],"Marks":[{"CandidateId":436,"ManifestationId":3902,"PartyId":15,"Rank":1,"MarkDensity":100,"IsAmbiguous":false,"IsVote":false,"OutstackConditionIds":[7]},{"CandidateId":435,"ManifestationId":3904,"PartyId":15,"Rank":2,"MarkDensity":100,"IsAmbiguous":false,"IsVote":false,"OutstackConditionIds":[7]}]},{"Id":68,"ManifestationId":521,"Undervotes":0,"Overvotes":0,"OutstackConditionIds":[],"Marks":[{"CandidateId":217,"ManifestationId":3910,"PartyId":0,"Rank":1,"MarkDensity":100,"IsAmbiguous":false,"IsVote":true,"OutstackConditionIds":[]}]},{"Id":69,"ManifestationId":522,"Undervotes":0,"Overvotes":0,"OutstackConditionIds":[],"Marks":[{"CandidateId":219,"ManifestationId":3912,"PartyId":0,"Rank":1,"MarkDensity":100,"IsAmbiguous":false,"IsVote":true,"OutstackConditionIds":[]}]},{"Id":71,"ManifestationId":523,"Undervotes":0,"Overvotes":0,"OutstackConditionIds":[],"Marks":[{"CandidateId":223,"ManifestationId":3914,"PartyId":0,"Rank":1,"MarkDensity":100,"IsAmbiguous":false,"IsVote":true,"OutstackConditionIds":[]}]},{"Id":72,"ManifestationId":524,"Undervotes":0,"Overvotes":0,"OutstackConditionIds":[],"Marks":[{"CandidateId":225,"ManifestationId":3916,"PartyId":0,"Rank":1,"MarkDensity":100,"IsAmbiguous":false,"IsVote":true,"OutstackConditionIds":[]}]},{"Id":76,"ManifestationId":525,"Undervotes":0,"Overvotes":0,"OutstackConditionIds":[],"Marks":[{"CandidateId":234,"ManifestationId":3919,"PartyId":0,"Rank":1,"MarkDensity":100,"IsAmbiguous":false,"IsVote":true,"OutstackConditionIds":[]}]},{"Id":77,"ManifestationId":526,"Undervotes":0,"Overvotes":0,"OutstackConditionIds":[],"Marks":[{"CandidateId":235,"ManifestationId":3920,"PartyId":0,"Rank":1,"MarkDensity":100,"IsAmbiguous":false,"IsVote":true,"OutstackConditionIds":[]}]},{"Id":90,"ManifestationId":527,"Undervotes":0,"Overvotes":0,"OutstackConditionIds":[7],"Marks":[{"CandidateId":261,"ManifestationId":3922,"PartyId":0,"Rank":1,"MarkDensity":100,"IsAmbiguous":false,"IsVote":false,"OutstackConditionIds":[7]}]},{"Id":91,"ManifestationId":528,"Undervotes":0,"Overvotes":0,"OutstackConditionIds":[7],"Marks":[{"CandidateId":263,"ManifestationId":3924,"PartyId":0,"Rank":1,"MarkDensity":100,"IsAmbiguous":false,"IsVote":false,"OutstackConditionIds":[7]}]},{"Id":92,"ManifestationId":529,"Undervotes":0,"Overvotes":0,"OutstackConditionIds":[7],"Marks":[{"CandidateId":265,"ManifestationId":3926,"PartyId":0,"Rank":1,"MarkDensity":100,"IsAmbiguous":false,"IsVote":false,"OutstackConditionIds":[7]}]},{"Id":93,"ManifestationId":530,"Undervotes":0,"Overvotes":0,"OutstackConditionIds":[7],"Marks":[{"CandidateId":267,"ManifestationId":3928,"PartyId":0,"Rank":1,"MarkDensity":100,"IsAmbiguous":false,"IsVote":false,"OutstackConditionIds":[7]}]},{"Id":116,"ManifestationId":531,"Undervotes":0,"Overvotes":0,"OutstackConditionIds":[7],"Marks":[{"CandidateId":313,"ManifestationId":3930,"PartyId":0,"Rank":1,"MarkDensity":100,"IsAmbiguous":false,"IsVote":false,"OutstackConditionIds":[7]}]},{"Id":117,"ManifestationId":532,"Undervotes":0,"Overvotes":0,"OutstackConditionIds":[7],"Marks":[{"CandidateId":315,"ManifestationId":3932,"PartyId":0,"Rank":1,"MarkDensity":100,"IsAmbiguous":false,"IsVote":false,"OutstackConditionIds":[7]}]},{"Id":118,"ManifestationId":533,"Undervotes":0,"Overvotes":0,"OutstackConditionIds":[7],"Marks":[{"CandidateId":317,"ManifestationId":3934,"PartyId":0,"Rank":1,"MarkDensity":100,"IsAmbiguous":false,"IsVote":false,"OutstackConditionIds":[7]}]},{"Id":119,"ManifestationId":534,"Undervotes":0,"Overvotes":0,"OutstackConditionIds":[7],"Marks":[{"CandidateId":319,"ManifestationId":3936,"PartyId":0,"Rank":1,"MarkDensity":100,"IsAmbiguous":false,"IsVote":false,"OutstackConditionIds":[7]}]},{"Id":120,"ManifestationId":535,"Undervotes":0,"Overvotes":0,"OutstackConditionIds":[7],"Marks":[{"CandidateId":321,"ManifestationId":3938,"PartyId":0,"Rank":1,"MarkDensity":100,"IsAmbiguous":false,"IsVote":false,"OutstackConditionIds":[7]}]},{"Id":121,"ManifestationId":536,"Undervotes":0,"Overvotes":0,"OutstackConditionIds":[7],"Marks":[{"CandidateId":323,"ManifestationId":3940,"PartyId":0,"Rank":1,"MarkDensity":100,"IsAmbiguous":false,"IsVote":false,"OutstackConditionIds":[7]}]},{"Id":122,"ManifestationId":537,"Undervotes":0,"Overvotes":0,"OutstackConditionIds":[7],"Marks":[{"CandidateId":325,"ManifestationId":3942,"PartyId":0,"Rank":1,"MarkDensity":100,"IsAmbiguous":false,"IsVote":false,"OutstackConditionIds":[7]}]}],"OutstackConditionIds":[]}]}},{"TabulatorId":95307,"BatchId":5,"RecordId":12,"CountingGroupId":4,"ImageMask":"D:\\NAS\\2024 General Election\\Results\\Tabulator95307\\Batch005\\Images\\95307_00005_000012*.*","SessionType":"ScannedVote","VotingSessionIdentifier":"","UniqueVotingIdentifier":"","Original":{"PrecinctPortionId":507,"BallotTypeId":28,"IsCurrent":true,"Cards":[{"Id":1037,"KeyInId":1037,"PaperIndex":0,"Contests":[{"Id":4,"ManifestationId":517,"Undervotes":0,"Overvotes":0,"OutstackConditionIds":[14],"Marks":[{"CandidateId":543,"ManifestationId":3800,"PartyId":15,"Rank":1,"MarkDensity":100,"IsAmbiguous":false,"IsVote":true,"OutstackConditionIds":[]}]},{"Id":7,"ManifestationId":518,"Undervotes":0,"Overvotes":0,"OutstackConditionIds":[14],"Marks":[{"CandidateId":517,"ManifestationId":3862,"PartyId":15,"Rank":1,"MarkDensity":100,"IsAmbiguous":false,"IsVote":true,"OutstackConditionIds":[]}]},{"Id":21,"ManifestationId":519,"Undervotes":0,"Overvotes":0,"OutstackConditionIds":[7],"Marks":[{"CandidateId":376,"ManifestationId":3885,"PartyId":15,"Rank":1,"MarkDensity":100,"IsAmbiguous":false,"IsVote":false,"OutstackConditionIds":[7]}]},{"Id":54,"ManifestationId":520,"Undervotes":0,"Overvotes":0,"OutstackConditionIds":[7],"Marks":[{"CandidateId":435,"ManifestationId":3901,"PartyId":15,"Rank":1,"MarkDensity":100,"IsAmbiguous":false,"IsVote":false,"OutstackConditionIds":[7]}]},{"Id":68,"ManifestationId":521,"Undervotes":0,"Overvotes":0,"OutstackConditionIds":[],"Marks":[{"CandidateId":217,"ManifestationId":3910,"PartyId":0,"Rank":1,"MarkDensity":100,"IsAmbiguous":false,"IsVote":true,"OutstackConditionIds":[]}]},{"Id":69,"ManifestationId":522,"Undervotes":0,"Overvotes":0,"OutstackConditionIds":[],"Marks":[{"CandidateId":219,"ManifestationId":3912,"PartyId":0,"Rank":1,"MarkDensity":100,"IsAmbiguous":false,"IsVote":true,"OutstackConditionIds":[]}]},{"Id":71,"ManifestationId":523,"Undervotes":0,"Overvotes":0,"OutstackConditionIds":[],"Marks":[{"CandidateId":224,"ManifestationId":3915,"PartyId":0,"Rank":1,"MarkDensity":100,"IsAmbiguous":false,"IsVote":true,"OutstackConditionIds":[]}]},{"Id":72,"ManifestationId":524,"Undervotes":0,"Overvotes":0,"OutstackConditionIds":[],"Marks":[{"CandidateId":226,"ManifestationId":3917,"PartyId":0,"Rank":1,"MarkDensity":100,"IsAmbiguous":false,"IsVote":true,"OutstackConditionIds":[]}]},{"Id":76,"ManifestationId":525,"Undervotes":0,"Overvotes":0,"OutstackConditionIds":[],"Marks":[{"CandidateId":234,"ManifestationId":3919,"PartyId":0,"Rank":1,"MarkDensity":100,"IsAmbiguous":false,"IsVote":true,"OutstackConditionIds":[]}]},{"Id":77,"ManifestationId":526,"Undervotes":0,"Overvotes":0,"OutstackConditionIds":[],"Marks":[{"CandidateId":236,"ManifestationId":3921,"PartyId":0,"Rank":1,"MarkDensity":100,"IsAmbiguous":false,"IsVote":true,"OutstackConditionIds":[]}]},{"Id":90,"ManifestationId":527,"Undervotes":0,"Overvotes":0,"OutstackConditionIds":[7],"Marks":[{"CandidateId":262,"ManifestationId":3923,"PartyId":0,"Rank":1,"MarkDensity":100,"IsAmbiguous":false,"IsVote":false,"OutstackConditionIds":[7]}]},{"Id":91,"ManifestationId":528,"Undervotes":0,"Overvotes":0,"OutstackConditionIds":[7],"Marks":[{"CandidateId":264,"ManifestationId":3925,"PartyId":0,"Rank":1,"MarkDensity":100,"IsAmbiguous":false,"IsVote":false,"OutstackConditionIds":[7]}]},{"Id":92,"ManifestationId":529,"Undervotes":0,"Overvotes":0,"OutstackConditionIds":[7],"Marks":[{"CandidateId":266,"ManifestationId":3927,"PartyId":0,"Rank":1,"MarkDensity":100,"IsAmbiguous":false,"IsVote":false,"OutstackConditionIds":[7]}]},{"Id":93,"ManifestationId":530,"Undervotes":0,"Overvotes":0,"OutstackConditionIds":[7],"Marks":[{"CandidateId":268,"ManifestationId":3929,"PartyId":0,"Rank":1,"MarkDensity":100,"IsAmbiguous":false,"IsVote":false,"OutstackConditionIds":[7]}]},{"Id":116,"ManifestationId":531,"Undervotes":0,"Overvotes":0,"OutstackConditionIds":[7],"Marks":[{"CandidateId":314,"ManifestationId":3931,"PartyId":0,"Rank":1,"MarkDensity":100,"IsAmbiguous":false,"IsVote":false,"OutstackConditionIds":[7]}]},{"Id":117,"ManifestationId":532,"Undervotes":0,"Overvotes":0,"OutstackConditionIds":[7],"Marks":[{"CandidateId":316,"ManifestationId":3933,"PartyId":0,"Rank":1,"MarkDensity":100,"IsAmbiguous":false,"IsVote":false,"OutstackConditionIds":[7]}]},{"Id":118,"ManifestationId":533,"Undervotes":0,"Overvotes":0,"OutstackConditionIds":[7],"Marks":[{"CandidateId":318,"ManifestationId":3935,"PartyId":0,"Rank":1,"MarkDensity":100,"IsAmbiguous":false,"IsVote":false,"OutstackConditionIds":[7]}]},{"Id":119,"ManifestationId":534,"Undervotes":0,"Overvotes":0,"OutstackConditionIds":[7],"Marks":[{"CandidateId":320,"ManifestationId":3937,"PartyId":0,"Rank":1,"MarkDensity":100,"IsAmbiguous":false,"IsVote":false,"OutstackConditionIds":[7]}]},{"Id":120,"ManifestationId":535,"Undervotes":0,"Overvotes":0,"OutstackConditionIds":[7],"Marks":[{"CandidateId":322,"ManifestationId":3939,"PartyId":0,"Rank":1,"MarkDensity":100,"IsAmbiguous":false,"IsVote":false,"OutstackConditionIds":[7]}]},{"Id":121,"ManifestationId":536,"Undervotes":0,"Overvotes":0,"OutstackConditionIds":[7],"Marks":[{"CandidateId":324,"ManifestationId":3941,"PartyId":0,"Rank":1,"MarkDensity":100,"IsAmbiguous":false,"IsVote":false,"OutstackConditionIds":[7]}]},{"Id":122,"ManifestationId":537,"Undervotes":0,"Overvotes":0,"OutstackConditionIds":[7],"Marks":[{"CandidateId":326,"ManifestationId":3943,"PartyId":0,"Rank":1,"MarkDensity":100,"IsAmbiguous":false,"IsVote":false,"OutstackConditionIds":[7]}]}],"OutstackConditionIds":[]}]}},{"TabulatorId":95307,"BatchId":5,"RecordId":15,"CountingGroupId":4,"ImageMask":"D:\\NAS\\2024 General Election\\Results\\Tabulator95307\\Batch005\\Images\\95307_00005_000015*.*","SessionType":"ScannedVote","VotingSessionIdentifier":"","UniqueVotingIdentifier":"","Original":{"PrecinctPortionId":507,"BallotTypeId":28,"IsCurrent":true,"Cards":[{"Id":1037,"KeyInId":1037,"PaperIndex":0,"Contests":[{"Id":4,"ManifestationId":517,"Undervotes":0,"Overvotes":0,"OutstackConditionIds":[14],"Marks":[{"CandidateId":543,"ManifestationId":3800,"PartyId":15,"Rank":1,"MarkDensity":100,"IsAmbiguous":false,"IsVote":true,"OutstackConditionIds":[]},{"CandidateId":546,"ManifestationId":3807,"PartyId":5,"Rank":2,"MarkDensity":100,"IsAmbiguous":false,"IsVote":true,"OutstackConditionIds":[]},{"CandidateId":554,"ManifestationId":3819,"PartyId":18,"Rank":3,"MarkDensity":100,"IsAmbiguous":false,"IsVote":true,"OutstackConditionIds":[]}]},{"Id":7,"ManifestationId":518,"Undervotes":0,"Overvotes":0,"OutstackConditionIds":[14],"Marks":[{"CandidateId":520,"ManifestationId":3860,"PartyId":3,"Rank":1,"MarkDensity":100,"IsAmbiguous":false,"IsVote":true,"OutstackConditionIds":[]},{"CandidateId":517,"ManifestationId":3867,"PartyId":15,"Rank":2,"MarkDensity":100,"IsAmbiguous":false,"IsVote":true,"OutstackConditionIds":[]}]},{"Id":21,"ManifestationId":519,"Undervotes":0,"Overvotes":0,"OutstackConditionIds":[7],"Marks":[{"CandidateId":376,"ManifestationId":3885,"PartyId":15,"Rank":1,"MarkDensity":100,"IsAmbiguous":false,"IsVote":false,"OutstackConditionIds":[7]},{"CandidateId":375,"ManifestationId":3891,"PartyId":15,"Rank":2,"MarkDensity":100,"IsAmbiguous":false,"IsVote":false,"OutstackConditionIds":[7]},{"CandidateId":374,"ManifestationId":3894,"PartyId":15,"Rank":3,"MarkDensity":100,"IsAmbiguous":false,"IsVote":false,"OutstackConditionIds":[7]}]},{"Id":54,"ManifestationId":520,"Undervotes":0,"Overvotes":0,"OutstackConditionIds":[7],"Marks":[]},{"Id":68,"ManifestationId":521,"Undervotes":0,"Overvotes":0,"OutstackConditionIds":[],"Marks":[{"CandidateId":218,"ManifestationId":3911,"PartyId":0,"Rank":1,"MarkDensity":100,"IsAmbiguous":false,"IsVote":true,"OutstackConditionIds":[]}]},{"Id":69,"ManifestationId":522,"Undervotes":0,"Overvotes":0,"OutstackConditionIds":[],"Marks":[{"CandidateId":220,"ManifestationId":3913,"PartyId":0,"Rank":1,"MarkDensity":100,"IsAmbiguous":false,"IsVote":true,"OutstackConditionIds":[]}]},{"Id":71,"ManifestationId":523,"Undervotes":1,"Overvotes":0,"OutstackConditionIds":[4,6],"Marks":[]},{"Id":72,"ManifestationId":524,"Undervotes":1,"Overvotes":0,"OutstackConditionIds":[4,6],"Marks":[]},{"Id":76,"ManifestationId":525,"Undervotes":1,"Overvotes":0,"OutstackConditionIds":[4,6],"Marks":[]},{"Id":77,"ManifestationId":526,"Undervotes":1,"Overvotes":0,"OutstackConditionIds":[4,6],"Marks":[]},{"Id":90,"ManifestationId":527,"Undervotes":0,"Overvotes":0,"OutstackConditionIds":[7],"Marks":[]},{"Id":91,"ManifestationId":528,"Undervotes":0,"Overvotes":0,"OutstackConditionIds":[7],"Marks":[]},{"Id":92,"ManifestationId":529,"Undervotes":0,"Overvotes":0,"OutstackConditionIds":[7],"Marks":[]},{"Id":93,"ManifestationId":530,"Undervotes":0,"Overvotes":0,"OutstackConditionIds":[7],"Marks":[]},{"Id":116,"ManifestationId":531,"Undervotes":0,"Overvotes":0,"OutstackConditionIds":[7],"Marks":[]},{"Id":117,"ManifestationId":532,"Undervotes":0,"Overvotes":0,"OutstackConditionIds":[7],"Marks":[]},{"Id":118,"ManifestationId":533,"Undervotes":0,"Overvotes":0,"OutstackConditionIds":[7],"Marks":[]},{"Id":119,"ManifestationId":534,"Undervotes":0,"Overvotes":0,"OutstackConditionIds":[7],"Marks":[]},{"Id":120,"ManifestationId":535,"Undervotes":0,"Overvotes":0,"OutstackConditionIds":[7],"Marks":[]},{"Id":121,"ManifestationId":536,"Undervotes":0,"Overvotes":0,"OutstackConditionIds":[7],"Marks":[]},{"Id":122,"ManifestationId":537,"Undervotes":0,"Overvotes":0,"OutstackConditionIds":[7],"Marks":[]}],"OutstackConditionIds":[]}]}},{"TabulatorId":95307,"BatchId":5,"RecordId":8,"CountingGroupId":4,"ImageMask":"D:\\NAS\\2024 General Election\\Results\\Tabulator95307\\Batch005\\Images\\95307_00005_000008*.*","SessionType":"ScannedVote","VotingSessionIdentifier":"","UniqueVotingIdentifier":"","Original":{"PrecinctPortionId":507,"BallotTypeId":28,"IsCurrent":true,"Cards":[{"Id":1037,"KeyInId":1037,"PaperIndex":0,"Contests":[{"Id":4,"ManifestationId":517,"Undervotes":0,"Overvotes":0,"OutstackConditionIds":[],"Marks":[{"CandidateId":554,"ManifestationId":3803,"PartyId":18,"Rank":1,"MarkDensity":100,"IsAmbiguous":false,"IsVote":true,"OutstackConditionIds":[]},{"CandidateId":543,"ManifestationId":3808,"PartyId":15,"Rank":2,"MarkDensity":100,"IsAmbiguous":false,"IsVote":true,"OutstackConditionIds":[]},{"CandidateId":541,"ManifestationId":3817,"PartyId":6,"Rank":3,"MarkDensity":100,"IsAmbiguous":false,"IsVote":true,"OutstackConditionIds":[]},{"CandidateId":546,"ManifestationId":3823,"PartyId":5,"Rank":4,"MarkDensity":100,"IsAmbiguous":false,"IsVote":true,"OutstackConditionIds":[]},{"CandidateId":545,"ManifestationId":3830,"PartyId":18,"Rank":5,"MarkDensity":100,"IsAmbiguous":false,"IsVote":true,"OutstackConditionIds":[]},{"CandidateId":547,"ManifestationId":3837,"PartyId":19,"Rank":6,"MarkDensity":100,"IsAmbiguous":false,"IsVote":true,"OutstackConditionIds":[]},{"CandidateId":540,"ManifestationId":3844,"PartyId":10,"Rank":7,"MarkDensity":100,"IsAmbiguous":false,"IsVote":true,"OutstackConditionIds":[]},{"CandidateId":542,"ManifestationId":3858,"PartyId":7,"Rank":8,"MarkDensity":100,"IsAmbiguous":false,"IsVote":true,"OutstackConditionIds":[]}]},{"Id":7,"ManifestationId":518,"Undervotes":0,"Overvotes":0,"OutstackConditionIds":[],"Marks":[{"CandidateId":520,"ManifestationId":3860,"PartyId":3,"Rank":1,"MarkDensity":100,"IsAmbiguous":false,"IsVote":true,"OutstackConditionIds":[]},{"CandidateId":517,"ManifestationId":3867,"PartyId":15,"Rank":2,"MarkDensity":100,"IsAmbiguous":false,"IsVote":true,"OutstackConditionIds":[]},{"CandidateId":476,"ManifestationId":3874,"Rank":3,"WriteinIndex":0,"MarkDensity":100,"WriteinDensity":100,"IsAmbiguous":false,"IsVote":true,"OutstackConditionIds":[1]},{"CandidateId":552,"ManifestationId":3878,"PartyId":7,"Rank":4,"MarkDensity":100,"IsAmbiguous":false,"IsVote":true,"OutstackConditionIds":[]},{"CandidateId":518,"ManifestationId":3881,"PartyId":7,"Rank":5,"MarkDensity":100,"IsAmbiguous":false,"IsVote":true,"OutstackConditionIds":[]}]},{"Id":21,"ManifestationId":519,"Undervotes":0,"Overvotes":0,"OutstackConditionIds":[7],"Marks":[{"CandidateId":513,"ManifestationId":3888,"Rank":1,"WriteinIndex":0,"MarkDensity":100,"WriteinDensity":100,"IsAmbiguous":false,"IsVote":false,"OutstackConditionIds":[7]},{"CandidateId":375,"ManifestationId":3891,"PartyId":15,"Rank":2,"MarkDensity":100,"IsAmbiguous":false,"IsVote":false,"OutstackConditionIds":[7]},{"CandidateId":374,"ManifestationId":3894,"PartyId":15,"Rank":3,"MarkDensity":100,"IsAmbiguous":false,"IsVote":false,"OutstackConditionIds":[7]},{"CandidateId":376,"ManifestationId":3897,"PartyId":15,"Rank":4,"MarkDensity":100,"IsAmbiguous":false,"IsVote":false,"OutstackConditionIds":[7]}]},{"Id":54,"ManifestationId":520,"Undervotes":0,"Overvotes":0,"OutstackConditionIds":[7],"Marks":[{"CandidateId":511,"ManifestationId":3903,"Rank":1,"WriteinIndex":0,"MarkDensity":100,"WriteinDensity":100,"IsAmbiguous":false,"IsVote":false,"OutstackConditionIds":[7]},{"CandidateId":436,"ManifestationId":3905,"PartyId":15,"Rank":2,"MarkDensity":100,"IsAmbiguous":false,"IsVote":false,"OutstackConditionIds":[7]},{"CandidateId":435,"ManifestationId":3907,"PartyId":15,"Rank":3,"MarkDensity":100,"IsAmbiguous":false,"IsVote":false,"OutstackConditionIds":[7]}]},{"Id":68,"ManifestationId":521,"Undervotes":1,"Overvotes":0,"OutstackConditionIds":[4,6],"Marks":[]},{"Id":69,"ManifestationId":522,"Undervotes":1,"Overvotes":0,"OutstackConditionIds":[4,6],"Marks":[]},{"Id":71,"ManifestationId":523,"Undervotes":0,"Overvotes":0,"OutstackConditionIds":[],"Marks":[{"CandidateId":224,"ManifestationId":3915,"PartyId":0,"Rank":1,"MarkDensity":100,"IsAmbiguous":false,"IsVote":true,"OutstackConditionIds":[]}]},{"Id":72,"ManifestationId":524,"Undervotes":0,"Overvotes":0,"OutstackConditionIds":[],"Marks":[{"CandidateId":226,"ManifestationId":3917,"PartyId":0,"Rank":1,"MarkDensity":100,"IsAmbiguous":false,"IsVote":true,"OutstackConditionIds":[]}]},{"Id":76,"ManifestationId":525,"Undervotes":0,"Overvotes":0,"OutstackConditionIds":[],"Marks":[{"CandidateId":234,"ManifestationId":3919,"PartyId":0,"Rank":1,"MarkDensity":100,"IsAmbiguous":false,"IsVote":true,"OutstackConditionIds":[]}]},{"Id":77,"ManifestationId":526,"Undervotes":0,"Overvotes":0,"OutstackConditionIds":[],"Marks":[{"CandidateId":236,"ManifestationId":3921,"PartyId":0,"Rank":1,"MarkDensity":100,"IsAmbiguous":false,"IsVote":true,"OutstackConditionIds":[]}]},{"Id":90,"ManifestationId":527,"Undervotes":0,"Overvotes":0,"OutstackConditionIds":[7],"Marks":[{"CandidateId":262,"ManifestationId":3923,"PartyId":0,"Rank":1,"MarkDensity":100,"IsAmbiguous":false,"IsVote":false,"OutstackConditionIds":[7]}]},{"Id":91,"ManifestationId":528,"Undervotes":0,"Overvotes":0,"OutstackConditionIds":[7],"Marks":[{"CandidateId":264,"ManifestationId":3925,"PartyId":0,"Rank":1,"MarkDensity":100,"IsAmbiguous":false,"IsVote":false,"OutstackConditionIds":[7]}]},{"Id":92,"ManifestationId":529,"Undervotes":0,"Overvotes":0,"OutstackConditionIds":[7],"Marks":[{"CandidateId":266,"ManifestationId":3927,"PartyId":0,"Rank":1,"MarkDensity":100,"IsAmbiguous":false,"IsVote":false,"OutstackConditionIds":[7]}]},{"Id":93,"ManifestationId":530,"Undervotes":0,"Overvotes":0,"OutstackConditionIds":[7],"Marks":[{"CandidateId":268,"ManifestationId":3929,"PartyId":0,"Rank":1,"MarkDensity":100,"IsAmbiguous":false,"IsVote":false,"OutstackConditionIds":[7]}]},{"Id":116,"ManifestationId":531,"Undervotes":0,"Overvotes":0,"OutstackConditionIds":[7],"Marks":[{"CandidateId":314,"ManifestationId":3931,"PartyId":0,"Rank":1,"MarkDensity":100,"IsAmbiguous":false,"IsVote":false,"OutstackConditionIds":[7]}]},{"Id":117,"ManifestationId":532,"Undervotes":0,"Overvotes":0,"OutstackConditionIds":[7],"Marks":[{"CandidateId":316,"ManifestationId":3933,"PartyId":0,"Rank":1,"MarkDensity":100,"IsAmbiguous":false,"IsVote":false,"OutstackConditionIds":[7]}]},{"Id":118,"ManifestationId":533,"Undervotes":0,"Overvotes":0,"OutstackConditionIds":[7],"Marks":[{"CandidateId":318,"ManifestationId":3935,"PartyId":0,"Rank":1,"MarkDensity":100,"IsAmbiguous":false,"IsVote":false,"OutstackConditionIds":[7]}]},{"Id":119,"ManifestationId":534,"Undervotes":0,"Overvotes":0,"OutstackConditionIds":[7],"Marks":[{"CandidateId":320,"ManifestationId":3937,"PartyId":0,"Rank":1,"MarkDensity":100,"IsAmbiguous":false,"IsVote":false,"OutstackConditionIds":[7]}]},{"Id":120,"ManifestationId":535,"Undervotes":0,"Overvotes":0,"OutstackConditionIds":[7],"Marks":[{"CandidateId":322,"ManifestationId":3939,"PartyId":0,"Rank":1,"MarkDensity":100,"IsAmbiguous":false,"IsVote":false,"OutstackConditionIds":[7]}]},{"Id":121,"ManifestationId":536,"Undervotes":0,"Overvotes":0,"OutstackConditionIds":[7],"Marks":[{"CandidateId":324,"ManifestationId":3941,"PartyId":0,"Rank":1,"MarkDensity":100,"IsAmbiguous":false,"IsVote":false,"OutstackConditionIds":[7]}]},{"Id":122,"ManifestationId":537,"Undervotes":0,"Overvotes":0,"OutstackConditionIds":[7],"Marks":[{"CandidateId":326,"ManifestationId":3943,"PartyId":0,"Rank":1,"MarkDensity":100,"IsAmbiguous":false,"IsVote":false,"OutstackConditionIds":[7]}]}],"OutstackConditionIds":[]}]}},{"TabulatorId":95307,"BatchId":5,"RecordId":10,"CountingGroupId":4,"ImageMask":"D:\\NAS\\2024 General Election\\Results\\Tabulator95307\\Batch005\\Images\\95307_00005_000010*.*","SessionType":"ScannedVote","VotingSessionIdentifier":"","UniqueVotingIdentifier":"","Original":{"PrecinctPortionId":507,"BallotTypeId":28,"IsCurrent":true,"Cards":[{"Id":1037,"KeyInId":1037,"PaperIndex":0,"Contests":[{"Id":4,"ManifestationId":517,"Undervotes":0,"Overvotes":0,"OutstackConditionIds":[14],"Marks":[{"CandidateId":542,"ManifestationId":3802,"PartyId":7,"Rank":1,"MarkDensity":100,"IsAmbiguous":false,"IsVote":true,"OutstackConditionIds":[]}]},{"Id":7,"ManifestationId":518,"Undervotes":0,"Overvotes":0,"OutstackConditionIds":[14],"Marks":[{"CandidateId":518,"ManifestationId":3861,"PartyId":7,"Rank":1,"MarkDensity":100,"IsAmbiguous":false,"IsVote":true,"OutstackConditionIds":[]}]},{"Id":21,"ManifestationId":519,"Undervotes":0,"Overvotes":0,"OutstackConditionIds":[7],"Marks":[{"CandidateId":376,"ManifestationId":3885,"PartyId":15,"Rank":1,"MarkDensity":100,"IsAmbiguous":false,"IsVote":false,"OutstackConditionIds":[7]}]},{"Id":54,"ManifestationId":520,"Undervotes":0,"Overvotes":0,"OutstackConditionIds":[7],"Marks":[{"CandidateId":435,"ManifestationId":3901,"PartyId":15,"Rank":1,"MarkDensity":100,"IsAmbiguous":false,"IsVote":false,"OutstackConditionIds":[7]}]},{"Id":68,"ManifestationId":521,"Undervotes":0,"Overvotes":0,"OutstackConditionIds":[],"Marks":[{"CandidateId":218,"ManifestationId":3911,"PartyId":0,"Rank":1,"MarkDensity":100,"IsAmbiguous":false,"IsVote":true,"OutstackConditionIds":[]}]},{"Id":69,"ManifestationId":522,"Undervotes":0,"Overvotes":0,"OutstackConditionIds":[],"Marks":[{"CandidateId":220,"ManifestationId":3913,"PartyId":0,"Rank":1,"MarkDensity":100,"IsAmbiguous":false,"IsVote":true,"OutstackConditionIds":[]}]},{"Id":71,"ManifestationId":523,"Undervotes":0,"Overvotes":0,"OutstackConditionIds":[],"Marks":[{"CandidateId":224,"ManifestationId":3915,"PartyId":0,"Rank":1,"MarkDensity":100,"IsAmbiguous":false,"IsVote":true,"OutstackConditionIds":[]}]},{"Id":72,"ManifestationId":524,"Undervotes":0,"Overvotes":0,"OutstackConditionIds":[],"Marks":[{"CandidateId":226,"ManifestationId":3917,"PartyId":0,"Rank":1,"MarkDensity":100,"IsAmbiguous":false,"IsVote":true,"OutstackConditionIds":[]}]},{"Id":76,"ManifestationId":525,"Undervotes":0,"Overvotes":0,"OutstackConditionIds":[],"Marks":[{"CandidateId":234,"ManifestationId":3919,"PartyId":0,"Rank":1,"MarkDensity":100,"IsAmbiguous":false,"IsVote":true,"OutstackConditionIds":[]}]},{"Id":77,"ManifestationId":526,"Undervotes":0,"Overvotes":0,"OutstackConditionIds":[],"Marks":[{"CandidateId":236,"ManifestationId":3921,"PartyId":0,"Rank":1,"MarkDensity":100,"IsAmbiguous":false,"IsVote":true,"OutstackConditionIds":[]}]},{"Id":90,"ManifestationId":527,"Undervotes":0,"Overvotes":0,"OutstackConditionIds":[7],"Marks":[{"CandidateId":262,"ManifestationId":3923,"PartyId":0,"Rank":1,"MarkDensity":100,"IsAmbiguous":false,"IsVote":false,"OutstackConditionIds":[7]}]},{"Id":91,"ManifestationId":528,"Undervotes":0,"Overvotes":0,"OutstackConditionIds":[7],"Marks":[{"CandidateId":264,"ManifestationId":3925,"PartyId":0,"Rank":1,"MarkDensity":100,"IsAmbiguous":false,"IsVote":false,"OutstackConditionIds":[7]}]},{"Id":92,"ManifestationId":529,"Undervotes":0,"Overvotes":0,"OutstackConditionIds":[7],"Marks":[{"CandidateId":266,"ManifestationId":3927,"PartyId":0,"Rank":1,"MarkDensity":100,"IsAmbiguous":false,"IsVote":false,"OutstackConditionIds":[7]}]},{"Id":93,"ManifestationId":530,"Undervotes":0,"Overvotes":0,"OutstackConditionIds":[7],"Marks":[{"CandidateId":268,"ManifestationId":3929,"PartyId":0,"Rank":1,"MarkDensity":100,"IsAmbiguous":false,"IsVote":false,"OutstackConditionIds":[7]}]},{"Id":116,"ManifestationId":531,"Undervotes":0,"Overvotes":0,"OutstackConditionIds":[7],"Marks":[{"CandidateId":314,"ManifestationId":3931,"PartyId":0,"Rank":1,"MarkDensity":100,"IsAmbiguous":false,"IsVote":false,"OutstackConditionIds":[7]}]},{"Id":117,"ManifestationId":532,"Undervotes":0,"Overvotes":0,"OutstackConditionIds":[7],"Marks":[{"CandidateId":316,"ManifestationId":3933,"PartyId":0,"Rank":1,"MarkDensity":100,"IsAmbiguous":false,"IsVote":false,"OutstackConditionIds":[7]}]},{"Id":118,"ManifestationId":533,"Undervotes":0,"Overvotes":0,"OutstackConditionIds":[7],"Marks":[{"CandidateId":318,"ManifestationId":3935,"PartyId":0,"Rank":1,"MarkDensity":100,"IsAmbiguous":false,"IsVote":false,"OutstackConditionIds":[7]}]},{"Id":119,"ManifestationId":534,"Undervotes":0,"Overvotes":0,"OutstackConditionIds":[7],"Marks":[{"CandidateId":320,"ManifestationId":3937,"PartyId":0,"Rank":1,"MarkDensity":100,"IsAmbiguous":false,"IsVote":false,"OutstackConditionIds":[7]}]},{"Id":120,"ManifestationId":535,"Undervotes":0,"Overvotes":0,"OutstackConditionIds":[7],"Marks":[{"CandidateId":322,"ManifestationId":3939,"PartyId":0,"Rank":1,"MarkDensity":100,"IsAmbiguous":false,"IsVote":false,"OutstackConditionIds":[7]}]},{"Id":121,"ManifestationId":536,"Undervotes":0,"Overvotes":0,"OutstackConditionIds":[7],"Marks":[{"CandidateId":324,"ManifestationId":3941,"PartyId":0,"Rank":1,"MarkDensity":100,"IsAmbiguous":false,"IsVote":false,"OutstackConditionIds":[7]}]},{"Id":122,"ManifestationId":537,"Undervotes":0,"Overvotes":0,"OutstackConditionIds":[7],"Marks":[{"CandidateId":326,"ManifestationId":3943,"PartyId":0,"Rank":1,"MarkDensity":100,"IsAmbiguous":false,"IsVote":false,"OutstackConditionIds":[7]}]}],"OutstackConditionIds":[]}]}},{"TabulatorId":95307,"BatchId":5,"RecordId":9,"CountingGroupId":4,"ImageMask":"D:\\NAS\\2024 General Election\\Results\\Tabulator95307\\Batch005\\Images\\95307_00005_000009*.*","SessionType":"ScannedVote","VotingSessionIdentifier":"","UniqueVotingIdentifier":"","Original":{"PrecinctPortionId":507,"BallotTypeId":28,"IsCurrent":true,"Cards":[{"Id":1037,"KeyInId":1037,"PaperIndex":0,"Contests":[{"Id":4,"ManifestationId":517,"Undervotes":0,"Overvotes":0,"OutstackConditionIds":[],"Marks":[{"CandidateId":542,"ManifestationId":3802,"PartyId":7,"Rank":1,"MarkDensity":100,"IsAmbiguous":false,"IsVote":true,"OutstackConditionIds":[]},{"CandidateId":554,"ManifestationId":3811,"PartyId":18,"Rank":2,"MarkDensity":100,"IsAmbiguous":false,"IsVote":true,"OutstackConditionIds":[]},{"CandidateId":545,"ManifestationId":3814,"PartyId":18,"Rank":3,"MarkDensity":100,"IsAmbiguous":false,"IsVote":true,"OutstackConditionIds":[]},{"CandidateId":546,"ManifestationId":3823,"PartyId":5,"Rank":4,"MarkDensity":100,"IsAmbiguous":false,"IsVote":true,"OutstackConditionIds":[]},{"CandidateId":547,"ManifestationId":3829,"PartyId":19,"Rank":5,"MarkDensity":100,"IsAmbiguous":false,"IsVote":true,"OutstackConditionIds":[]},{"CandidateId":541,"ManifestationId":3841,"PartyId":6,"Rank":6,"MarkDensity":100,"IsAmbiguous":false,"IsVote":true,"OutstackConditionIds":[]},{"CandidateId":540,"ManifestationId":3844,"PartyId":10,"Rank":7,"MarkDensity":100,"IsAmbiguous":false,"IsVote":true,"OutstackConditionIds":[]},{"CandidateId":543,"ManifestationId":3856,"PartyId":15,"Rank":8,"MarkDensity":100,"IsAmbiguous":false,"IsVote":true,"OutstackConditionIds":[]}]},{"Id":7,"ManifestationId":518,"Undervotes":0,"Overvotes":0,"OutstackConditionIds":[14],"Marks":[{"CandidateId":518,"ManifestationId":3861,"PartyId":7,"Rank":1,"MarkDensity":100,"IsAmbiguous":false,"IsVote":true,"OutstackConditionIds":[]},{"CandidateId":552,"ManifestationId":3868,"PartyId":7,"Rank":2,"MarkDensity":100,"IsAmbiguous":false,"IsVote":true,"OutstackConditionIds":[]}]},{"Id":21,"ManifestationId":519,"Undervotes":0,"Overvotes":0,"OutstackConditionIds":[7],"Marks":[{"CandidateId":374,"ManifestationId":3886,"PartyId":15,"Rank":1,"MarkDensity":100,"IsAmbiguous":false,"IsVote":false,"OutstackConditionIds":[7]},{"CandidateId":375,"ManifestationId":3891,"PartyId":15,"Rank":2,"MarkDensity":100,"IsAmbiguous":false,"IsVote":false,"OutstackConditionIds":[7]},{"CandidateId":376,"ManifestationId":3893,"PartyId":15,"Rank":3,"MarkDensity":100,"IsAmbiguous":false,"IsVote":false,"OutstackConditionIds":[7]}]},{"Id":54,"ManifestationId":520,"Undervotes":0,"Overvotes":0,"OutstackConditionIds":[7],"Marks":[{"CandidateId":436,"ManifestationId":3902,"PartyId":15,"Rank":1,"MarkDensity":100,"IsAmbiguous":false,"IsVote":false,"OutstackConditionIds":[7]},{"CandidateId":435,"ManifestationId":3904,"PartyId":15,"Rank":2,"MarkDensity":100,"IsAmbiguous":false,"IsVote":false,"OutstackConditionIds":[7]}]},{"Id":68,"ManifestationId":521,"Undervotes":0,"Overvotes":0,"OutstackConditionIds":[],"Marks":[{"CandidateId":218,"ManifestationId":3911,"PartyId":0,"Rank":1,"MarkDensity":100,"IsAmbiguous":false,"IsVote":true,"OutstackConditionIds":[]}]},{"Id":69,"ManifestationId":522,"Undervotes":0,"Overvotes":0,"OutstackConditionIds":[],"Marks":[{"CandidateId":220,"ManifestationId":3913,"PartyId":0,"Rank":1,"MarkDensity":100,"IsAmbiguous":false,"IsVote":true,"OutstackConditionIds":[]}]},{"Id":71,"ManifestationId":523,"Undervotes":0,"Overvotes":0,"OutstackConditionIds":[],"Marks":[{"CandidateId":223,"ManifestationId":3914,"PartyId":0,"Rank":1,"MarkDensity":100,"IsAmbiguous":false,"IsVote":true,"OutstackConditionIds":[]}]},{"Id":72,"ManifestationId":524,"Undervotes":0,"Overvotes":0,"OutstackConditionIds":[],"Marks":[{"CandidateId":225,"ManifestationId":3916,"PartyId":0,"Rank":1,"MarkDensity":100,"IsAmbiguous":false,"IsVote":true,"OutstackConditionIds":[]}]},{"Id":76,"ManifestationId":525,"Undervotes":0,"Overvotes":0,"OutstackConditionIds":[],"Marks":[{"CandidateId":233,"ManifestationId":3918,"PartyId":0,"Rank":1,"MarkDensity":100,"IsAmbiguous":false,"IsVote":true,"OutstackConditionIds":[]}]},{"Id":77,"ManifestationId":526,"Undervotes":0,"Overvotes":0,"OutstackConditionIds":[],"Marks":[{"CandidateId":235,"ManifestationId":3920,"PartyId":0,"Rank":1,"MarkDensity":100,"IsAmbiguous":false,"IsVote":true,"OutstackConditionIds":[]}]},{"Id":90,"ManifestationId":527,"Undervotes":0,"Overvotes":0,"OutstackConditionIds":[7],"Marks":[{"CandidateId":262,"ManifestationId":3923,"PartyId":0,"Rank":1,"MarkDensity":100,"IsAmbiguous":false,"IsVote":false,"OutstackConditionIds":[7]}]},{"Id":91,"ManifestationId":528,"Undervotes":0,"Overvotes":0,"OutstackConditionIds":[7],"Marks":[{"CandidateId":263,"ManifestationId":3924,"PartyId":0,"Rank":1,"MarkDensity":100,"IsAmbiguous":false,"IsVote":false,"OutstackConditionIds":[7]}]},{"Id":92,"ManifestationId":529,"Undervotes":0,"Overvotes":0,"OutstackConditionIds":[7],"Marks":[{"CandidateId":266,"ManifestationId":3927,"PartyId":0,"Rank":1,"MarkDensity":100,"IsAmbiguous":false,"IsVote":false,"OutstackConditionIds":[7]}]},{"Id":93,"ManifestationId":530,"Undervotes":0,"Overvotes":0,"OutstackConditionIds":[7],"Marks":[{"CandidateId":268,"ManifestationId":3929,"PartyId":0,"Rank":1,"MarkDensity":100,"IsAmbiguous":false,"IsVote":false,"OutstackConditionIds":[7]}]},{"Id":116,"ManifestationId":531,"Undervotes":0,"Overvotes":0,"OutstackConditionIds":[7],"Marks":[{"CandidateId":314,"ManifestationId":3931,"PartyId":0,"Rank":1,"MarkDensity":100,"IsAmbiguous":false,"IsVote":false,"OutstackConditionIds":[7]}]},{"Id":117,"ManifestationId":532,"Undervotes":0,"Overvotes":0,"OutstackConditionIds":[7],"Marks":[{"CandidateId":316,"ManifestationId":3933,"PartyId":0,"Rank":1,"MarkDensity":100,"IsAmbiguous":false,"IsVote":false,"OutstackConditionIds":[7]}]},{"Id":118,"ManifestationId":533,"Undervotes":0,"Overvotes":0,"OutstackConditionIds":[7],"Marks":[{"CandidateId":317,"ManifestationId":3934,"PartyId":0,"Rank":1,"MarkDensity":100,"IsAmbiguous":false,"IsVote":false,"OutstackConditionIds":[7]}]},{"Id":119,"ManifestationId":534,"Undervotes":0,"Overvotes":0,"OutstackConditionIds":[7],"Marks":[{"CandidateId":319,"ManifestationId":3936,"PartyId":0,"Rank":1,"MarkDensity":100,"IsAmbiguous":false,"IsVote":false,"OutstackConditionIds":[7]}]},{"Id":120,"ManifestationId":535,"Undervotes":0,"Overvotes":0,"OutstackConditionIds":[7],"Marks":[{"CandidateId":322,"ManifestationId":3939,"PartyId":0,"Rank":1,"MarkDensity":100,"IsAmbiguous":false,"IsVote":false,"OutstackConditionIds":[7]}]},{"Id":121,"ManifestationId":536,"Undervotes":0,"Overvotes":0,"OutstackConditionIds":[7],"Marks":[{"CandidateId":323,"ManifestationId":3940,"PartyId":0,"Rank":1,"MarkDensity":100,"IsAmbiguous":false,"IsVote":false,"OutstackConditionIds":[7]}]},{"Id":122,"ManifestationId":537,"Undervotes":0,"Overvotes":0,"OutstackConditionIds":[7],"Marks":[{"CandidateId":326,"ManifestationId":3943,"PartyId":0,"Rank":1,"MarkDensity":100,"IsAmbiguous":false,"IsVote":false,"OutstackConditionIds":[7]}]}],"OutstackConditionIds":[]}]}},{"TabulatorId":95307,"BatchId":5,"RecordId":11,"CountingGroupId":4,"ImageMask":"D:\\NAS\\2024 General Election\\Results\\Tabulator95307\\Batch005\\Images\\95307_00005_000011*.*","SessionType":"ScannedVote","VotingSessionIdentifier":"","UniqueVotingIdentifier":"","Original":{"PrecinctPortionId":507,"BallotTypeId":28,"IsCurrent":true,"Cards":[{"Id":1037,"KeyInId":1037,"PaperIndex":0,"Contests":[{"Id":4,"ManifestationId":517,"Undervotes":0,"Overvotes":0,"OutstackConditionIds":[],"Marks":[{"CandidateId":543,"ManifestationId":3800,"PartyId":15,"Rank":1,"MarkDensity":100,"IsAmbiguous":false,"IsVote":true,"OutstackConditionIds":[]},{"CandidateId":554,"ManifestationId":3811,"PartyId":18,"Rank":2,"MarkDensity":100,"IsAmbiguous":false,"IsVote":true,"OutstackConditionIds":[]},{"CandidateId":540,"ManifestationId":3812,"PartyId":10,"Rank":3,"MarkDensity":100,"IsAmbiguous":false,"IsVote":true,"OutstackConditionIds":[]},{"CandidateId":547,"ManifestationId":3821,"PartyId":19,"Rank":4,"MarkDensity":100,"IsAmbiguous":false,"IsVote":true,"OutstackConditionIds":[]},{"CandidateId":545,"ManifestationId":3830,"PartyId":18,"Rank":5,"MarkDensity":100,"IsAmbiguous":false,"IsVote":true,"OutstackConditionIds":[]},{"CandidateId":546,"ManifestationId":3839,"PartyId":5,"Rank":6,"MarkDensity":100,"IsAmbiguous":false,"IsVote":true,"OutstackConditionIds":[]},{"CandidateId":541,"ManifestationId":3849,"PartyId":6,"Rank":7,"MarkDensity":100,"IsAmbiguous":false,"IsVote":true,"OutstackConditionIds":[]},{"CandidateId":542,"ManifestationId":3858,"PartyId":7,"Rank":8,"MarkDensity":100,"IsAmbiguous":false,"IsVote":true,"OutstackConditionIds":[]}]},{"Id":7,"ManifestationId":518,"Undervotes":0,"Overvotes":0,"OutstackConditionIds":[14],"Marks":[{"CandidateId":517,"ManifestationId":3862,"PartyId":15,"Rank":1,"MarkDensity":100,"IsAmbiguous":false,"IsVote":true,"OutstackConditionIds":[]},{"CandidateId":520,"ManifestationId":3865,"PartyId":3,"Rank":2,"MarkDensity":100,"IsAmbiguous":false,"IsVote":true,"OutstackConditionIds":[]},{"CandidateId":552,"ManifestationId":3873,"PartyId":7,"Rank":3,"MarkDensity":100,"IsAmbiguous":false,"IsVote":true,"OutstackConditionIds":[]},{"CandidateId":518,"ManifestationId":3876,"PartyId":7,"Rank":4,"MarkDensity":100,"IsAmbiguous":false,"IsVote":true,"OutstackConditionIds":[]}]},{"Id":21,"ManifestationId":519,"Undervotes":0,"Overvotes":0,"OutstackConditionIds":[7],"Marks":[{"CandidateId":376,"ManifestationId":3885,"PartyId":15,"Rank":1,"MarkDensity":100,"IsAmbiguous":false,"IsVote":false,"OutstackConditionIds":[7]},{"CandidateId":375,"ManifestationId":3891,"PartyId":15,"Rank":2,"MarkDensity":100,"IsAmbiguous":false,"IsVote":false,"OutstackConditionIds":[7]},{"CandidateId":374,"ManifestationId":3894,"PartyId":15,"Rank":3,"MarkDensity":100,"IsAmbiguous":false,"IsVote":false,"OutstackConditionIds":[7]}]},{"Id":54,"ManifestationId":520,"Undervotes":0,"Overvotes":0,"OutstackConditionIds":[7],"Marks":[{"CandidateId":436,"ManifestationId":3902,"PartyId":15,"Rank":1,"MarkDensity":100,"IsAmbiguous":false,"IsVote":false,"OutstackConditionIds":[7]},{"CandidateId":435,"ManifestationId":3904,"PartyId":15,"Rank":2,"MarkDensity":100,"IsAmbiguous":false,"IsVote":false,"OutstackConditionIds":[7]}]},{"Id":68,"ManifestationId":521,"Undervotes":0,"Overvotes":0,"OutstackConditionIds":[],"Marks":[{"CandidateId":217,"ManifestationId":3910,"PartyId":0,"Rank":1,"MarkDensity":100,"IsAmbiguous":false,"IsVote":true,"OutstackConditionIds":[]}]},{"Id":69,"ManifestationId":522,"Undervotes":0,"Overvotes":0,"OutstackConditionIds":[],"Marks":[{"CandidateId":219,"ManifestationId":3912,"PartyId":0,"Rank":1,"MarkDensity":100,"IsAmbiguous":false,"IsVote":true,"OutstackConditionIds":[]}]},{"Id":71,"ManifestationId":523,"Undervotes":0,"Overvotes":0,"OutstackConditionIds":[],"Marks":[{"CandidateId":224,"ManifestationId":3915,"PartyId":0,"Rank":1,"MarkDensity":100,"IsAmbiguous":false,"IsVote":true,"OutstackConditionIds":[]}]},{"Id":72,"ManifestationId":524,"Undervotes":0,"Overvotes":0,"OutstackConditionIds":[],"Marks":[{"CandidateId":226,"ManifestationId":3917,"PartyId":0,"Rank":1,"MarkDensity":100,"IsAmbiguous":false,"IsVote":true,"OutstackConditionIds":[]}]},{"Id":76,"ManifestationId":525,"Undervotes":0,"Overvotes":0,"OutstackConditionIds":[],"Marks":[{"CandidateId":234,"ManifestationId":3919,"PartyId":0,"Rank":1,"MarkDensity":100,"IsAmbiguous":false,"IsVote":true,"OutstackConditionIds":[]}]},{"Id":77,"ManifestationId":526,"Undervotes":0,"Overvotes":0,"OutstackConditionIds":[],"Marks":[{"CandidateId":236,"ManifestationId":3921,"PartyId":0,"Rank":1,"MarkDensity":100,"IsAmbiguous":false,"IsVote":true,"OutstackConditionIds":[]}]},{"Id":90,"ManifestationId":527,"Undervotes":0,"Overvotes":0,"OutstackConditionIds":[7],"Marks":[{"CandidateId":262,"ManifestationId":3923,"PartyId":0,"Rank":1,"MarkDensity":100,"IsAmbiguous":false,"IsVote":false,"OutstackConditionIds":[7]}]},{"Id":91,"ManifestationId":528,"Undervotes":0,"Overvotes":0,"OutstackConditionIds":[7],"Marks":[{"CandidateId":264,"ManifestationId":3925,"PartyId":0,"Rank":1,"MarkDensity":100,"IsAmbiguous":false,"IsVote":false,"OutstackConditionIds":[7]}]},{"Id":92,"ManifestationId":529,"Undervotes":0,"Overvotes":0,"OutstackConditionIds":[7],"Marks":[{"CandidateId":266,"ManifestationId":3927,"PartyId":0,"Rank":1,"MarkDensity":100,"IsAmbiguous":false,"IsVote":false,"OutstackConditionIds":[7]}]},{"Id":93,"ManifestationId":530,"Undervotes":0,"Overvotes":0,"OutstackConditionIds":[7],"Marks":[{"CandidateId":268,"ManifestationId":3929,"PartyId":0,"Rank":1,"MarkDensity":100,"IsAmbiguous":false,"IsVote":false,"OutstackConditionIds":[7]}]},{"Id":116,"ManifestationId":531,"Undervotes":0,"Overvotes":0,"OutstackConditionIds":[7],"Marks":[{"CandidateId":313,"ManifestationId":3930,"PartyId":0,"Rank":1,"MarkDensity":100,"IsAmbiguous":false,"IsVote":false,"OutstackConditionIds":[7]}]},{"Id":117,"ManifestationId":532,"Undervotes":0,"Overvotes":0,"OutstackConditionIds":[7],"Marks":[{"CandidateId":315,"ManifestationId":3932,"PartyId":0,"Rank":1,"MarkDensity":100,"IsAmbiguous":false,"IsVote":false,"OutstackConditionIds":[7]}]},{"Id":118,"ManifestationId":533,"Undervotes":0,"Overvotes":0,"OutstackConditionIds":[7],"Marks":[{"CandidateId":317,"ManifestationId":3934,"PartyId":0,"Rank":1,"MarkDensity":100,"IsAmbiguous":false,"IsVote":false,"OutstackConditionIds":[7]}]},{"Id":119,"ManifestationId":534,"Undervotes":0,"Overvotes":0,"OutstackConditionIds":[7],"Marks":[{"CandidateId":319,"ManifestationId":3936,"PartyId":0,"Rank":1,"MarkDensity":100,"IsAmbiguous":false,"IsVote":false,"OutstackConditionIds":[7]}]},{"Id":120,"ManifestationId":535,"Undervotes":0,"Overvotes":0,"OutstackConditionIds":[7],"Marks":[{"CandidateId":321,"ManifestationId":3938,"PartyId":0,"Rank":1,"MarkDensity":100,"IsAmbiguous":false,"IsVote":false,"OutstackConditionIds":[7]}]},{"Id":121,"ManifestationId":536,"Undervotes":0,"Overvotes":0,"OutstackConditionIds":[7],"Marks":[{"CandidateId":324,"ManifestationId":3941,"PartyId":0,"Rank":1,"MarkDensity":100,"IsAmbiguous":false,"IsVote":false,"OutstackConditionIds":[7]}]},{"Id":122,"ManifestationId":537,"Undervotes":0,"Overvotes":0,"OutstackConditionIds":[7],"Marks":[{"CandidateId":326,"ManifestationId":3943,"PartyId":0,"Rank":1,"MarkDensity":100,"IsAmbiguous":false,"IsVote":false,"OutstackConditionIds":[7]}]}],"OutstackConditionIds":[]}]}},{"TabulatorId":95307,"BatchId":5,"RecordId":4,"CountingGroupId":4,"ImageMask":"D:\\NAS\\2024 General Election\\Results\\Tabulator95307\\Batch005\\Images\\95307_00005_000004*.*","SessionType":"ScannedVote","VotingSessionIdentifier":"","UniqueVotingIdentifier":"","Original":{"PrecinctPortionId":507,"BallotTypeId":28,"IsCurrent":true,"Cards":[{"Id":1037,"KeyInId":1037,"PaperIndex":0,"Contests":[{"Id":4,"ManifestationId":517,"Undervotes":0,"Overvotes":0,"OutstackConditionIds":[14],"Marks":[{"CandidateId":543,"ManifestationId":3800,"PartyId":15,"Rank":1,"MarkDensity":100,"IsAmbiguous":false,"IsVote":true,"OutstackConditionIds":[]}]},{"Id":7,"ManifestationId":518,"Undervotes":0,"Overvotes":0,"OutstackConditionIds":[14],"Marks":[{"CandidateId":517,"ManifestationId":3862,"PartyId":15,"Rank":1,"MarkDensity":100,"IsAmbiguous":false,"IsVote":true,"OutstackConditionIds":[]}]},{"Id":21,"ManifestationId":519,"Undervotes":0,"Overvotes":0,"OutstackConditionIds":[7],"Marks":[{"CandidateId":376,"ManifestationId":3885,"PartyId":15,"Rank":1,"MarkDensity":100,"IsAmbiguous":false,"IsVote":false,"OutstackConditionIds":[7]}]},{"Id":54,"ManifestationId":520,"Undervotes":0,"Overvotes":0,"OutstackConditionIds":[7],"Marks":[{"CandidateId":436,"ManifestationId":3902,"PartyId":15,"Rank":1,"MarkDensity":100,"IsAmbiguous":false,"IsVote":false,"OutstackConditionIds":[7]}]},{"Id":68,"ManifestationId":521,"Undervotes":0,"Overvotes":0,"OutstackConditionIds":[],"Marks":[{"CandidateId":218,"ManifestationId":3911,"PartyId":0,"Rank":1,"MarkDensity":100,"IsAmbiguous":false,"IsVote":true,"OutstackConditionIds":[]}]},{"Id":69,"ManifestationId":522,"Undervotes":0,"Overvotes":0,"OutstackConditionIds":[],"Marks":[{"CandidateId":219,"ManifestationId":3912,"PartyId":0,"Rank":1,"MarkDensity":100,"IsAmbiguous":false,"IsVote":true,"OutstackConditionIds":[]}]},{"Id":71,"ManifestationId":523,"Undervotes":0,"Overvotes":0,"OutstackConditionIds":[],"Marks":[{"CandidateId":223,"ManifestationId":3914,"PartyId":0,"Rank":1,"MarkDensity":100,"IsAmbiguous":false,"IsVote":true,"OutstackConditionIds":[]}]},{"Id":72,"ManifestationId":524,"Undervotes":0,"Overvotes":0,"OutstackConditionIds":[],"Marks":[{"CandidateId":225,"ManifestationId":3916,"PartyId":0,"Rank":1,"MarkDensity":100,"IsAmbiguous":false,"IsVote":true,"OutstackConditionIds":[]}]},{"Id":76,"ManifestationId":525,"Undervotes":0,"Overvotes":0,"OutstackConditionIds":[],"Marks":[{"CandidateId":233,"ManifestationId":3918,"PartyId":0,"Rank":1,"MarkDensity":100,"IsAmbiguous":false,"IsVote":true,"OutstackConditionIds":[]}]},{"Id":77,"ManifestationId":526,"Undervotes":0,"Overvotes":0,"OutstackConditionIds":[],"Marks":[{"CandidateId":235,"ManifestationId":3920,"PartyId":0,"Rank":1,"MarkDensity":100,"IsAmbiguous":false,"IsVote":true,"OutstackConditionIds":[]}]},{"Id":90,"ManifestationId":527,"Undervotes":0,"Overvotes":0,"OutstackConditionIds":[7],"Marks":[{"CandidateId":262,"ManifestationId":3923,"PartyId":0,"Rank":1,"MarkDensity":100,"IsAmbiguous":false,"IsVote":false,"OutstackConditionIds":[7]}]},{"Id":91,"ManifestationId":528,"Undervotes":0,"Overvotes":0,"OutstackConditionIds":[7],"Marks":[{"CandidateId":263,"ManifestationId":3924,"PartyId":0,"Rank":1,"MarkDensity":100,"IsAmbiguous":false,"IsVote":false,"OutstackConditionIds":[7]}]},{"Id":92,"ManifestationId":529,"Undervotes":0,"Overvotes":0,"OutstackConditionIds":[7],"Marks":[{"CandidateId":265,"ManifestationId":3926,"PartyId":0,"Rank":1,"MarkDensity":100,"IsAmbiguous":false,"IsVote":false,"OutstackConditionIds":[7]}]},{"Id":93,"ManifestationId":530,"Undervotes":0,"Overvotes":0,"OutstackConditionIds":[7],"Marks":[{"CandidateId":267,"ManifestationId":3928,"PartyId":0,"Rank":1,"MarkDensity":100,"IsAmbiguous":false,"IsVote":false,"OutstackConditionIds":[7]}]},{"Id":116,"ManifestationId":531,"Undervotes":0,"Overvotes":0,"OutstackConditionIds":[7],"Marks":[{"CandidateId":313,"ManifestationId":3930,"PartyId":0,"Rank":1,"MarkDensity":100,"IsAmbiguous":false,"IsVote":false,"OutstackConditionIds":[7]}]},{"Id":117,"ManifestationId":532,"Undervotes":0,"Overvotes":0,"OutstackConditionIds":[7],"Marks":[{"CandidateId":315,"ManifestationId":3932,"PartyId":0,"Rank":1,"MarkDensity":100,"IsAmbiguous":false,"IsVote":false,"OutstackConditionIds":[7]}]},{"Id":118,"ManifestationId":533,"Undervotes":0,"Overvotes":0,"OutstackConditionIds":[7],"Marks":[{"CandidateId":317,"ManifestationId":3934,"PartyId":0,"Rank":1,"MarkDensity":100,"IsAmbiguous":false,"IsVote":false,"OutstackConditionIds":[7]}]},{"Id":119,"ManifestationId":534,"Undervotes":0,"Overvotes":0,"OutstackConditionIds":[7],"Marks":[{"CandidateId":319,"ManifestationId":3936,"PartyId":0,"Rank":1,"MarkDensity":100,"IsAmbiguous":false,"IsVote":false,"OutstackConditionIds":[7]}]},{"Id":120,"ManifestationId":535,"Undervotes":0,"Overvotes":0,"OutstackConditionIds":[7],"Marks":[{"CandidateId":321,"ManifestationId":3938,"PartyId":0,"Rank":1,"MarkDensity":100,"IsAmbiguous":false,"IsVote":false,"OutstackConditionIds":[7]}]},{"Id":121,"ManifestationId":536,"Undervotes":0,"Overvotes":0,"OutstackConditionIds":[7],"Marks":[{"CandidateId":323,"ManifestationId":3940,"PartyId":0,"Rank":1,"MarkDensity":100,"IsAmbiguous":false,"IsVote":false,"OutstackConditionIds":[7]}]},{"Id":122,"ManifestationId":537,"Undervotes":0,"Overvotes":0,"OutstackConditionIds":[7],"Marks":[{"CandidateId":325,"ManifestationId":3942,"PartyId":0,"Rank":1,"MarkDensity":100,"IsAmbiguous":false,"IsVote":false,"OutstackConditionIds":[7]}]}],"OutstackConditionIds":[]}]}}]}